burden	2	1
consistent	2	1
consistent	3	1
limited	4	1
provide	4	1
consistent	4	1
interruption	7	1
limited	7	1
limited	8	1
money	9	1
limited	10	1
money	11	3
money	12	1
seq	14	1
limited	16	1
provide	17	1
90	19	1
consistent	20	1
authorizes	20	1
authorizes	21	1
provide	23	1
politically	24	1
provide	26	1
provide	27	1
provide	28	1
inc	28	1
nationwide	28	1
consistent	29	1
burden	30	1
provide	30	1
provide	31	2
advice	31	1
limited	36	1
provide	37	1
provide	38	1
provide	43	1
provide	50	1
provide	51	3
90	51	1
limited	52	1
choose	52	1
limited	53	2
choose	53	1
90	53	1
limited	54	1
90	54	1
consistent	54	1
provide	57	1
limited	58	1
provide	60	2
consistent	61	1
statutes	61	1
provide	61	1
provide	62	2
provide	63	2
provide	64	1
place	64	1
money	64	1
provide	65	1
90	66	1
money	66	1
provide	66	1
provide	67	1
nationwide	67	1
provide	68	1
90	68	1
provide	69	1
authorizes	73	1
authorizes	74	1
statutes	74	1
statutes	75	1
provide	76	1
inc	76	1
116	77	1
consistent	78	1
provide	79	1
little	81	1
money	81	3
money	82	2
authorizes	82	1
statutes	82	1
place	85	1
kirschner	87	2
place	87	1
beatty	88	1
nancial	90	1
nancial	91	1
money	91	2
place	91	1
place	92	1
vaguely	92	1
money	92	1
money	93	1
provide	94	2
money	94	1
money	95	1
nancial	95	1
money	96	1
nancial	96	1
money	97	2
deep	97	1
interruption	97	1
interruption	98	1
provide	98	1
seq	102	1
seq	103	1
provide	104	1
comm	105	1
1890	105	1
90	105	1
dec	107	1
comm	107	1
statutes	107	1
provide	108	1
money	108	1
money	109	1
provide	109	1
money	111	1
money	112	1
consistent	112	1
provide	112	1
statutes	112	1
provide	113	2
statutes	113	2
provide	114	1
limited	115	1
limited	116	1
seq	117	1
99c4	119	1
place	120	1
provide	120	1
provide	121	1
inc	123	1
comm	123	1
provide	123	1
missed	126	1
interruption	126	1
burden	127	1
burden	128	1
comm	133	1
inc	133	2
inc	134	5
comm	134	1
burden	134	1
inc	135	3
comm	135	1
comm	136	1
99c4	136	1
money	138	1
90	139	1
90	140	5
90	141	3
gospel	141	1
gospel	142	1
corp	142	1
comm	142	1
inc	142	1
subcomponents	143	1
nationwide	144	1
inc	145	1
corp	145	1
inc	146	2
money	146	1
choose	146	1
choose	147	1
inc	147	1
money	149	1
nationwide	149	1
consistent	150	2
seq	152	1
nationwide	152	1
burden	153	1
provide	153	1
burden	155	1
prejudice	155	1
nationwide	155	1
apparatuses	155	1
inc	156	1
nationwide	156	1
provide	157	1
place	159	1
place	160	1
limited	160	1
limited	161	1
seq	162	1
limited	163	1
99c4	164	1
burden	166	1
nationwide	167	1
provide	168	1
provide	169	1
prejudice	171	1
provide	172	1
missed	173	1
place	173	1
nationwide	173	1
consistent	178	1
nationwide	179	1
comm	180	1
place	180	1
inc	180	3
burden	181	1
inc	181	3
comm	181	1
99c4	181	1
inc	182	1
place	182	1
limited	182	1
limited	183	1
limited	185	3
place	186	2
little	186	1
limited	186	1
inc	187	1
corp	187	1
inc	190	1
99c4	190	1
provide	192	1
gospel	193	1
corp	193	1
comm	193	1
inc	193	1
limited	195	3
provide	196	1
inc	198	1
corp	198	1
points	198	1
nationwide	199	1
little	199	1
inc	199	1
provide	200	1
money	200	1
money	201	1
nationwide	201	1
comm	201	2
nationwide	202	1
consistent	202	1
nationwide	204	2
comm	204	1
nationwide	206	1
corp	207	1
264	207	1
inc	209	1
corp	210	1
concepts	210	1
inc	211	1
comm	211	1
nationwide	213	1
burden	214	1
inc	214	1
nationwide	214	1
inc	215	2
1999	215	1
90	215	1
consistent	216	1
kuperberg	217	1
inc	217	2
provide	219	1
provide	220	2
inc	221	1
nationwide	222	1
nationwide	223	1
statutes	224	1
money	224	1
provide	224	1
provide	225	1
provide	226	2
inc	227	1
provide	227	1
provide	228	1
provide	229	2
authorizes	230	1
provide	230	1
provide	231	1
5044	232	1
dec	232	1
dec	233	1
dec	234	1
264	238	1
limited	239	1
limited	240	1
limited	241	1
provide	241	1
90	245	1
90	246	1
purposeful	247	1
complex	249	1
authorizes	250	1
statutes	250	1
provide	250	1
provide	251	1
dec	251	1
money	252	1
statutes	252	1
authorizes	252	1
authorizes	253	1
90	253	1
inc	255	2
kuperberg	255	1
governor	256	2
kentucky	256	1
money	259	1
consistent	259	1
statutes	259	2
concepts	260	1
balances	260	1
choose	260	1
choose	261	1
statutes	263	1
seq	263	1
seq	264	2
comm	264	1
provide	264	1
money	264	1
seq	265	1
increasing	265	1
statutes	265	1
limited	266	1
limited	267	1
seq	267	1
statutes	269	1
inc	272	2
244	274	1
inc	274	1
burden	275	1
burden	276	1
inc	276	2
provide	277	1
comm	278	1
hole	279	1
116	279	1
116	280	1
statutes	280	1
statutes	281	1
116	281	1
consistent	284	2
money	284	1
comm	287	1
limited	287	1
limited	288	1
provide	288	1
inc	288	1
provide	289	1
statutes	290	1
provide	290	1
provide	292	1
place	293	1
1225	293	1
1235	293	1
comm	294	1
provide	294	1
consistent	295	2
money	295	1
provide	296	1
limited	296	1
provide	297	1
limited	297	1
consistent	297	1
comm	298	1
corp	299	1
inc	299	2
inc	300	3
money	301	3
assured	301	1
little	302	1
116	303	2
interruption	304	1
statutes	306	1
provide	307	1
increasing	307	1
interruption	308	1
place	309	1
limited	313	1
provide	313	1
provide	315	2
burden	319	1
statutes	319	1
statutes	320	1
money	320	1
inc	320	1
provide	324	3
consistent	325	1
provide	325	1
5044	326	1
dec	326	1
dec	327	1
examinations	331	1
consistent	332	1
provide	340	1
inc	341	2
provide	344	1
limited	344	1
provide	345	1
statutes	346	1
authorizes	347	1
statutes	347	1
dec	348	1
90	348	1
statutes	348	1
seq	348	1
seq	349	1
provide	350	1
inc	350	1
inc	351	1
inc	352	2
provide	353	1
authorizes	354	1
statutes	354	1
dec	355	1
statutes	355	1
provide	356	2
provide	359	2
money	359	1
place	360	1
cambiado	360	1
cambiado	361	1
enfermedades	362	1
toda	362	1
siendo	362	1
siendo	363	1
burden	366	6
guaranty	366	1
burden	367	8
statutes	368	1
seq	368	1
collected	369	2
provide	370	2
provide	371	1
statutes	372	1
burden	372	3
burden	373	2
collected	373	1
burden	374	2
collected	374	1
provide	377	1
underinvested	379	2
nationwide	383	1
safely	383	1
nationwide	384	1
provide	385	1
native	386	1
storage	387	1
increasing	387	1
provide	388	1
provide	390	1
provide	391	1
nationwide	393	1
provide	393	1
provide	394	1
provide	395	1
increasing	395	1
provide	396	1
provide	397	1
storage	398	1
increasing	398	1
forecasting	399	1
provide	399	1
forecasting	400	1
provide	400	1
deep	401	1
consistent	401	1
provide	404	1
provide	405	2
provide	406	1
reentry	406	1
native	407	1
native	408	1
nationwide	408	1
place	408	1
implicit	408	1
native	409	1
concepts	411	1
concepts	412	1
native	415	2
increasing	415	1
storage	417	1
native	418	1
table	419	1
prize	420	1
prize	421	1
increasing	421	1
increasing	422	1
provide	423	2
forecasting	423	1
base	424	1
concepts	424	1
concepts	425	1
provide	427	1
increasing	427	1
increasing	428	1
safely	428	1
safely	429	1
provide	431	1
provide	432	1
provide	433	1
storage	433	1
storage	434	1
concepts	434	1
augment	435	1
nationwide	437	1
nationwide	438	1
increasing	439	1
increasing	440	2
provide	441	1
native	441	1
native	442	1
nationwide	442	1
place	442	1
implicit	442	1
increasing	443	1
safely	443	1
safely	444	1
safely	445	1
provide	445	1
safely	446	1
safely	447	1
complex	447	1
provide	448	1
provide	449	1
balances	449	1
increasing	452	1
provide	453	1
provide	454	1
native	455	1
provide	456	1
provide	457	2
provide	460	1
increasing	463	1
storage	464	1
reentry	465	1
implicit	466	1
provide	468	1
increasing	469	1
provide	469	1
provide	470	1
provide	474	1
increasing	476	1
nationwide	478	1
provide	478	1
provide	479	1
provide	481	1
provide	482	1
base	482	1
base	483	1
complex	483	1
complex	484	1
provide	484	1
facilitates	488	1
facilitates	489	1
provide	489	1
provide	493	1
provide	494	1
provide	497	1
increasing	502	2
provide	502	1
limited	503	1
limited	504	1
provide	504	1
increasing	504	1
increasing	505	1
base	506	8
table	506	1
116	506	2
table	507	2
116	507	2
base	507	5
base	509	2
base	510	2
table	511	1
base	512	1
116	513	3
base	513	1
116	514	3
base	514	1
provide	515	1
place	515	1
provide	516	1
provide	519	2
consistent	519	1
statutes	519	1
consistent	520	2
statutes	520	1
provide	521	1
consistent	521	1
statutes	521	1
consistent	522	2
statutes	522	2
provide	522	3
consistent	523	2
statutes	523	1
provide	523	1
90	527	1
inc	527	1
corp	527	1
enormous	528	1
inc	528	2
provide	528	1
inconsonant	529	1
limited	529	1
place	529	1
place	530	1
corp	531	1
provide	532	1
limited	533	1
provide	535	1
advice	535	1
advice	536	1
provide	539	2
burden	539	1
burden	540	1
provide	540	1
vthp	540	3
provide	541	1
limited	542	1
provide	544	1
advice	544	1
advice	545	1
ules	547	1
provide	547	1
burden	548	1
provide	548	3
671	551	1
kentucky	559	1
provide	564	1
photocopies	564	1
place	564	1
attendant	565	1
place	566	1
provide	567	1
table	572	2
provide	572	2
provide	573	2
table	573	1
place	574	1
provide	574	1
place	575	3
deceased	575	1
deceased	576	2
provide	576	2
provide	577	3
provide	578	1
table	581	1
provide	583	2
provide	584	3
provide	585	5
provide	586	3
provide	587	1
deceased	587	2
deceased	588	4
provide	588	1
deceased	589	2
provide	589	1
provide	590	2
provide	591	3
provide	592	1
provide	593	4
deceased	593	1
provide	594	1
provide	595	1
place	595	1
place	596	3
provide	596	1
burden	597	4
burden	598	3
90	599	1
burden	599	12
burden	600	3
provide	601	2
provide	602	1
provide	603	2
deceased	603	1
place	604	2
provide	604	2
provide	605	2
provide	606	1
provide	607	1
90	608	1
statutes	608	2
seq	608	14
dec	608	2
seq	609	18
dec	609	1
native	609	1
90	609	1
seq	610	4
535	610	1
dec	610	1
provide	614	1
enormous	614	2
burden	614	1
enormous	615	2
burden	615	1
seq	616	2
limited	620	1
provide	620	1
provide	622	1
provide	623	1
invite	623	1
provide	628	1
governor	634	2
table	634	1
governor	635	1
table	635	2
moa	635	3
moa	636	1
prejudice	641	1
dec	642	1
invite	642	1
points	642	1
prejudice	642	1
dec	643	1
authorizes	645	1
place	645	1
spring	646	1
dec	646	2
consistent	646	1
1235	646	1
116	646	1
1225	647	1
table	648	2
burden	648	1
provide	649	1
limited	650	1
provide	652	1
prejudice	652	2
1999	652	1
dec	652	1
reentry	653	1
dec	653	1
dec	654	1
burden	654	3
1999	655	1
dec	655	1
burden	655	4
burden	656	1
burden	657	2
1999	659	1
dec	659	1
burden	659	4
1999	660	1
dec	660	1
limited	660	1
limited	661	1
choose	664	1
provide	664	1
provide	665	1
116	667	1
place	668	3
provide	671	3
provide	672	2
provide	675	2
photocopies	675	1
provide	676	3
provide	677	1
limited	678	1
provide	679	1
debarment	681	3
governor	681	1
money	681	1
photocopies	685	1
limited	685	1
provide	687	1
provide	688	2
provide	689	2
authorizes	691	1
provide	691	1
place	692	1
provide	693	1
photocopies	694	1
provide	695	1
provide	696	1
departed	696	1
limited	697	1
provide	699	3
provide	700	1
choose	704	2
collected	705	2
collected	706	2
limited	706	1
provide	706	1
collected	707	3
collected	708	1
deceased	708	1
governor	710	1
debarment	710	2
governor	711	1
debarment	711	2
governor	712	1
debarment	712	2
money	712	1
limited	713	1
provide	716	2
provide	717	1
limited	718	1
provide	718	2
collected	718	1
collected	719	1
provide	719	4
007	719	1
burden	720	3
collected	723	1
burden	724	2
seq	724	1
provide	726	4
publications	726	1
provide	727	2
burden	728	1
burden	729	1
consistent	729	1
consistent	730	1
burden	731	2
provide	731	2
provide	732	2
burden	732	4
collected	732	1
provide	733	1
burden	734	4
burden	735	5
provide	736	1
burden	737	1
ic	737	1
90	740	1
trait	741	1
statutes	742	1
1999	746	1
safely	746	1
publications	748	1
consistent	748	1
provide	748	1
provide	749	1
90	749	1
provide	752	1
place	752	1
deep	752	1
safely	752	1
little	753	1
provide	753	1
seq	754	1
provide	755	1
facilitates	755	1
corp	756	1
1999	756	1
1999	757	1
provide	760	1
provide	761	2
choose	763	1
provide	764	1
provide	765	1
place	765	1
244	766	3
1999	767	3
1999	768	1
116	770	2
inc	771	1
base	771	1
safely	771	1
safely	772	1
1999	773	1
90	774	1
consistent	774	1
consistent	775	1
limited	775	1
90	776	1
limited	777	2
provide	777	1
provide	778	1
complex	778	1
complex	779	1
90	781	1
90	782	1
90	785	2
limited	785	1
90	786	1
90	787	2
safely	787	1
inc	788	1
90	788	2
limited	788	1
place	788	1
place	789	1
90	789	3
90	790	2
limited	792	1
increasing	792	1
provide	793	1
consistent	794	1
testifies	795	1
legalimmigrants	797	1
little	798	1
little	799	1
legalimmigrants	799	1
epeal	801	1
limited	802	1
90	803	1
dec	807	1
place	807	1
place	808	1
julie	808	1
julie	809	1
prejudice	810	1
supporter	811	2
place	814	2
dec	815	1
facilitates	816	1
egregious	819	1
consistent	819	1
lobbied	819	1
dec	819	1
racistpresidentimitates	820	1
116	820	1
90	821	1
90	829	1
90	830	2
safely	831	1
place	832	1
limited	832	1
limited	833	1
native	834	1
native	835	2
escorting	835	1
escorting	836	1
sister	837	1
1999	840	2
1999	841	1
safely	841	1
sister	842	2
provide	842	1
sister	843	2
1999	843	1
1999	844	1
safely	845	2
seq	847	1
limited	847	1
inc	848	1
244	848	1
place	850	1
implicit	851	1
corp	851	1
provide	852	1
native	855	2
native	856	1
native	857	3
1999	857	2
native	858	2
1999	858	1
native	859	2
provide	859	1
provide	860	1
native	860	2
native	861	2
provide	861	1
1999	861	1
native	862	1
90	862	1
90	863	3
433	865	2
burden	865	1
4978	866	1
244	869	2
244	870	1
provide	870	1
1999	871	2
1999	872	2
90	873	1
consistent	874	1
244	874	1
limited	874	1
limited	875	1
90	875	4
consistent	877	1
90	877	6
90	878	2
90	879	1
inc	881	2
244	884	1
provide	884	1
provide	885	1
940	885	1
uprooted	886	1
limited	889	1
limited	891	1
provide	895	1
90	896	7
place	897	1
provide	897	1
provide	898	1
provide	899	1
consistent	899	2
90	899	2
90	900	1
provide	900	1
corp	902	1
trustee	902	1
limited	903	1
inc	903	1
provide	905	1
244	907	1
corp	908	1
90	909	3
provide	911	1
provide	912	1
choose	913	1
choose	914	1
money	917	1
increasing	917	2
burden	917	1
authorizes	920	1
provide	931	1
244	932	3
90	933	1
90	934	3
1999	934	2
90	935	4
1999	935	2
dec	935	1
consistent	936	1
244	936	1
limited	936	1
90	936	3
epeal	938	1
consistent	938	1
provide	939	1
consistent	940	1
provide	940	1
90	942	1
native	942	1
native	943	2
1999	943	1
1999	944	1
native	944	1
native	945	1
inc	948	2
inc	949	1
safely	949	1
reentry	950	1
nishimura	950	1
nishimura	951	1
limited	951	1
statutes	952	1
place	953	1
limited	959	1
statutes	959	1
inc	960	1
provide	962	1
inc	962	1
inc	964	1
statutes	964	1
corp	965	1
inc	965	1
inc	966	1
90	967	3
consistent	968	1
consistent	969	1
epeal	970	1
base	971	1
base	972	1
limited	973	1
limited	974	1
place	974	1
provide	975	3
inc	975	1
consistent	975	1
provide	976	2
consistent	976	2
90	976	1
provide	977	1
consistent	977	1
90	977	2
corp	979	1
trustee	980	1
inc	981	1
consistent	982	1
consistent	983	1
provide	985	1
limited	986	1
consistent	988	1
inc	989	1
inc	990	1
1999	990	1
provide	990	2
statutes	990	1
provide	991	2
statutes	991	1
corp	991	1
inc	991	2
1999	992	1
1999	993	1
points	993	1
inc	993	2
burden	993	1
limited	996	1
inc	997	1
burden	997	1
burden	998	2
corp	998	1
base	999	1
consistent	999	1
90	1001	1
90	1002	1
provide	1003	1
consistent	1004	1
consistent	1005	1
provide	1005	1
limited	1007	1
provide	1007	1
provide	1008	1
safely	1011	1
consistent	1011	1
consistent	1012	1
safely	1012	1
provide	1012	1
provide	1013	1
inc	1013	1
consistent	1013	1
consistent	1014	1
inc	1014	1
consistent	1015	1
90	1016	3
departed	1017	1
consistent	1017	1
provide	1017	1
inc	1017	1
inc	1018	1
provide	1018	1
consistent	1020	1
90	1020	1
90	1021	4
inc	1022	1
fining	1022	1
dec	1026	2
dec	1027	2
sister	1028	1
place	1028	2
place	1029	1
deceased	1029	11
sister	1029	1
place	1030	1
provide	1030	1
deceased	1030	3
deceased	1031	2
place	1031	1
place	1032	1
sister	1033	1
place	1033	2
place	1034	1
deceased	1034	11
sister	1034	1
place	1035	1
provide	1035	1
deceased	1035	3
deceased	1036	2
place	1036	1
place	1037	1
provide	1039	1
provide	1040	1
place	1040	1
authorizes	1041	1
consistent	1044	1
1999	1044	2
nationwide	1044	1
place	1044	1
1999	1045	1
place	1045	1
provide	1045	2
consistent	1046	2
limited	1046	1
provide	1046	1
1999	1046	1
provide	1051	1
consistent	1051	1
limited	1054	1
limited	1055	1
1999	1055	2
provide	1055	1
provide	1056	1
51114	1059	1
1999	1060	1
provide	1060	1
nationwide	1061	3
dhl	1062	1
nationwide	1063	1
nationwide	1064	2
provide	1064	1
nationwide	1065	1
consistent	1066	1
dhl	1066	1
1999	1066	2
nationwide	1069	1
dhl	1072	1
limited	1073	1
seq	1073	1
place	1073	1
nationwide	1073	1
slip	1075	1
place	1076	1
nationwide	1076	1
nationwide	1077	1
provide	1077	1
inc	1078	2
nationwide	1078	1
seq	1079	1
1999	1080	1
departed	1080	1
nationwide	1082	1
provide	1083	1
limited	1083	1
limited	1084	1
consistent	1084	1
nationwide	1084	1
place	1084	1
place	1085	1
prejudice	1085	1
nationwide	1085	1
kentucky	1086	1
prejudice	1086	1
prejudice	1087	1
inc	1089	1
nationwide	1089	1
choose	1091	1
prejudice	1092	2
inc	1092	1
limited	1093	1
table	1094	1
provide	1095	1
prejudice	1095	1
prejudice	1096	2
limited	1096	1
nationwide	1096	1
sister	1097	1
money	1097	1
prejudice	1098	1
nationwide	1098	1
nationwide	1099	3
place	1099	1
inc	1100	1
nancial	1100	1
inc	1101	1
statutes	1103	1
1999	1104	2
statutes	1105	1
statutes	1106	1
1999	1107	4
51114	1107	1
inc	1108	1
inc	1109	1
dec	1109	1
prejudice	1110	1
inc	1110	1
corp	1110	1
corp	1111	3
burden	1111	2
little	1111	1
536	1111	1
little	1112	1
inc	1113	1
burden	1113	1
264	1113	1
comm	1113	1
dec	1115	1
264	1115	1
provide	1116	1
provide	1117	1
1999	1117	2
1999	1118	1
burden	1119	1
inc	1120	1
burden	1121	2
reinstated	1123	1
dec	1123	1
dec	1124	6
consistent	1124	1
dec	1125	5
native	1125	1
native	1126	1
dec	1127	3
dec	1128	3
dec	1129	2
dec	1130	2
90	1130	1
consistent	1130	1
dec	1131	6
dec	1132	7
provide	1133	1
dec	1133	3
complex	1133	1
collected	1133	1
1999	1133	1
1999	1134	1
corp	1134	1
dec	1134	2
dec	1135	1
slip	1135	2
dec	1136	2
complex	1136	1
provide	1138	1
jane	1139	1
provide	1140	1
provide	1141	1
provide	1142	1
provide	1144	1
jane	1144	1
seq	1146	2
choose	1149	1
choose	1150	1
limited	1151	1
choose	1153	1
choose	1154	1
provide	1155	2
provide	1156	4
provide	1157	2
provide	1158	1
petty	1159	3
petty	1160	1
comm	1161	1
corp	1161	1
place	1161	1
place	1162	1
points	1163	1
place	1165	1
90	1168	1
inc	1171	1
inc	1173	1
provide	1173	1
seq	1173	1
corp	1174	1
corp	1175	1
provide	1175	1
inc	1176	1
provide	1178	1
provide	1179	1
limited	1179	1
place	1180	1
petty	1181	1
inc	1182	2
points	1183	1
provide	1185	1
money	1185	1
limited	1187	1
statutes	1187	1
inc	1187	1
inc	1188	2
provide	1190	1
provide	1191	2
place	1191	1
inc	1193	2
corp	1193	2
inc	1194	1
116	1194	1
corp	1194	1
corp	1195	1
points	1195	1
points	1196	1
place	1197	1
90	1198	1
inc	1198	1
90	1199	1
244	1201	1
consistent	1201	2
seq	1204	1
provide	1204	1
provide	1205	1
burden	1205	2
place	1206	1
place	1207	2
consul	1207	1
burden	1207	1
90	1209	1
points	1209	1
acn	1212	1
inc	1218	1
90	1221	1
seq	1221	1
spies	1221	1
limited	1221	2
limited	1222	1
limited	1223	2
provide	1225	1
consistent	1225	2
statutes	1225	1
provide	1227	1
authorizes	1228	1
supporter	1229	3
supporter	1230	6
deceased	1230	1
supporter	1231	2
90	1233	1
consistent	1233	1
supporter	1234	2
place	1234	1
90	1235	1
trusted	1240	1
gainesville	1243	2
gainesville	1244	2
increasing	1244	2
sister	1244	1
gainesville	1245	1
money	1246	1
safely	1246	1
money	1247	1
4978	1254	1
5014	1254	1
consistent	1256	1
consistent	1257	1
provide	1263	1
supporter	1264	1
provide	1264	1
90	1265	1
refusals	1265	1
90	1267	1
90	1268	1
116	1270	1
consistent	1272	1
provide	1275	1
consistent	1275	1
authorizes	1275	1
authorizes	1276	1
base	1276	1
base	1277	1
consistent	1278	1
limited	1279	1
limited	1280	1
provide	1282	1
sister	1282	1
sister	1283	1
money	1283	1
provide	1284	1
points	1284	1
provide	1285	1
provide	1288	1
increasing	1288	1
gainesville	1289	1
gainesville	1290	1
safely	1290	1
increasing	1291	1
gainesville	1292	2
money	1292	1
safely	1294	1
provide	1295	1
sister	1295	1
money	1299	1
money	1300	2
advice	1300	1
money	1301	3
money	1302	1
money	1303	2
missed	1303	1
money	1304	1
money	1305	1
place	1305	1
safely	1306	1
money	1306	1
provide	1307	1
overwhelming	1308	1
overwhelming	1309	1
limited	1310	1
limited	1311	1
limited	1312	1
limited	1313	1
limited	1320	1
limited	1321	1
limited	1322	1
statutes	1322	1
244	1323	1
limited	1325	1
5316	1326	1
90	1328	1
increasing	1329	1
increasing	1330	1
supporter	1330	1
provide	1330	1
90	1331	1
place	1331	1
place	1332	1
consistent	1332	2
90	1332	1
90	1333	1
limited	1333	1
consistent	1334	1
statutes	1334	1
90	1336	1
consistent	1338	1
90	1338	1
consistent	1339	2
burden	1340	1
departed	1341	1
native	1341	1
limited	1341	1
supporter	1342	1
1235	1343	1
provide	1344	1
provide	1345	2
assassinated	1346	1
provide	1348	1
provide	1349	1
money	1349	4
sister	1349	2
money	1350	2
provide	1350	1
supporter	1351	1
supporter	1352	1
provide	1352	1
limited	1352	2
90	1352	1
limited	1353	2
90	1353	1
native	1355	1
90	1356	1
90	1357	1
points	1359	1
consistent	1360	1
statutes	1361	1
774	1362	1
statutes	1362	1
statutes	1363	1
statutes	1364	2
statutes	1368	1
nationwide	1368	1
nationwide	1369	1
limited	1369	1
90	1369	1
90	1370	1
choose	1370	1
departed	1370	1
departed	1371	1
inc	1371	1
corp	1372	1
corp	1373	1
provide	1373	1
inc	1374	2
comm	1374	1
90	1375	1
1225	1375	1
1225	1376	2
1225	1377	2
90	1378	1
native	1378	1
native	1379	1
1225	1379	1
consistent	1381	1
90	1381	1
native	1381	1
consistent	1383	1
choose	1385	1
native	1385	1
90	1386	1
provide	1387	1
inc	1388	1
burden	1389	1
90	1390	2
90	1392	1
choose	1392	1
corp	1393	1
corp	1394	1
complex	1394	1
complex	1395	1
place	1397	1
place	1398	2
116	1399	1
place	1399	2
90	1399	1
place	1400	1
supporter	1400	1
supporter	1401	2
20update	1401	1
90	1401	1
increasing	1402	1
increasing	1403	1
supporter	1403	1
provide	1403	1
dec	1406	1
21694	1407	1
90	1409	2
consistent	1409	2
90	1410	2
consistent	1410	1
place	1410	1
limited	1410	1
limited	1411	1
place	1412	1
place	1413	2
place	1414	2
supporter	1414	1
supporter	1415	2
place	1416	1
90	1416	1
90	1417	1
provide	1419	1
provide	1420	1
money	1421	1
money	1422	1
caretaker	1422	1
place	1423	1
place	1424	1
base	1425	1
money	1425	1
assured	1425	1
limited	1426	2
limited	1427	2
native	1427	1
caretaker	1427	1
native	1428	1
caretaker	1428	1
place	1431	1
supporter	1431	1
supporter	1432	4
implicit	1432	1
supporter	1433	1
statutes	1434	1
place	1436	1
statutes	1438	1
inc	1439	2
consistent	1440	2
90	1440	2
90	1441	1
consistent	1441	1
provide	1441	1
provide	1442	1
consistent	1442	1
statutes	1442	1
90	1442	1
consistent	1443	1
statutes	1443	1
table	1445	1
provide	1447	1
supporter	1448	2
consistent	1449	1
consistent	1450	1
90	1450	1
supporter	1450	1
place	1450	2
place	1451	1
place	1452	1
place	1453	1
choose	1453	1
provide	1455	1
burden	1456	1
90	1457	1
choose	1457	1
provide	1458	1
choose	1458	2
choose	1459	2
place	1459	2
supporter	1459	1
provide	1459	1
inc	1461	1
place	1462	1
supporter	1462	1
corp	1462	1
corp	1463	1
place	1463	1
corp	1464	1
provide	1465	1
place	1466	1
supporter	1466	1
place	1467	1
place	1468	1
90	1469	1
provide	1469	1
place	1469	1
choose	1469	1
provide	1470	1
place	1470	1
choose	1470	1
corp	1472	1
complex	1472	1
complex	1473	2
90	1476	2
consistent	1477	1
inc	1477	1
burden	1478	1
comm	1478	1
forecasting	1479	1
burden	1479	1
433	1479	1
consistent	1479	1
consistent	1480	1
native	1481	1
attendant	1481	1
burden	1482	2
burden	1483	1
consistent	1483	1
consistent	1484	1
elissa	1486	1
jane	1486	1
place	1488	1
90	1489	1
90	1490	1
place	1493	1
safely	1494	1
supporter	1495	1
90	1496	2
place	1496	1
consistent	1496	1
90	1497	2
90	1498	1
1235	1500	1
provide	1504	2
inc	1505	1
comm	1505	1
authorizes	1507	1
corp	1507	1
inc	1507	1
complex	1507	1
433	1507	1
burden	1507	1
433	1508	1
inc	1509	2
corp	1510	1
90	1510	1
statutes	1512	1
comm	1515	1
corp	1515	1
1225	1516	1
90	1516	1
burden	1517	1
1225	1517	1
concepts	1518	1
native	1519	1
provide	1520	2
inc	1520	1
provide	1521	1
limited	1522	2
90	1522	1
90	1523	1
consistent	1524	1
90	1524	1
choose	1525	1
choose	1526	1
consistent	1526	1
consistent	1527	1
limited	1527	1
90	1528	1
dec	1528	1
90	1529	1
consistent	1530	1
90	1530	1
provide	1530	1
provide	1531	2
90	1531	1
90	1532	2
provide	1532	1
dec	1532	1
provide	1533	1
place	1534	1
fourteenday	1534	1
90	1534	1
dec	1534	1
90	1535	1
dec	1535	1
provide	1538	1
limited	1538	1
90	1538	1
90	1539	1
90	1540	1
limited	1540	1
90	1541	1
dec	1541	1
dec	1542	1
90	1542	1
consistent	1542	1
consistent	1543	1
provide	1543	1
limited	1543	1
90	1543	1
90	1544	1
90	1546	1
increasing	1547	1
limited	1547	1
limited	1548	1
money	1548	1
departed	1549	1
native	1549	1
limited	1549	1
provide	1550	1
provide	1551	1
inc	1557	1
comm	1558	1
inc	1558	2
90	1559	1
inc	1560	2
comm	1560	1
provide	1560	1
provide	1561	1
inc	1561	1
90	1563	1
departed	1563	1
native	1563	1
departed	1564	1
native	1564	1
90	1566	1
provide	1566	1
provide	1567	1
inc	1567	1
90	1568	2
supporter	1568	1
deceased	1568	1
supporter	1569	2
deceased	1569	1
90	1569	1
90	1570	1
supporter	1570	3
90	1571	1
collected	1572	1
90	1572	1
90	1573	2
90	1574	1
corp	1575	1
inc	1576	1
90	1577	1
place	1577	1
90	1578	1
augment	1578	1
augment	1579	1
corp	1579	1
little	1579	1
90	1581	2
provide	1583	2
1999	1583	1
90	1583	2
little	1584	1
90	1585	1
provide	1586	3
provide	1588	1
90	1588	1
inc	1589	4
inc	1590	1
90	1590	1
90	1591	1
provide	1591	1
native	1591	1
116	1593	1
limited	1594	1
inc	1595	1
burden	1596	1
90	1597	1
dec	1597	1
provide	1600	1
provide	1601	1
90	1602	1
provide	1604	1
provide	1605	2
provide	1607	2
provide	1608	2
provide	1609	1
points	1610	1
provide	1610	1
table	1611	2
table	1612	1
provide	1613	1
provide	1619	1
place	1620	1
examinations	1621	1
provide	1623	1
limited	1623	1
limited	1624	1
examinations	1627	1
examinations	1628	1
consistent	1634	1
provide	1635	1
consistent	1636	1
table	1638	1
table	1639	1
provide	1641	2
90	1650	1
provide	1651	1
90	1652	1
provide	1653	2
90	1654	1
provide	1654	1
inc	1654	1
corp	1654	1
corp	1655	2
inc	1655	1
90	1656	1
corp	1657	1
provide	1657	1
limited	1657	1
limited	1658	1
90	1659	1
place	1660	1
90	1660	1
provide	1660	1
provide	1661	2
90	1661	1
90	1662	1
90	1664	1
place	1665	1
dec	1666	1
inc	1666	1
90	1667	1
consistent	1667	1
provide	1668	1
place	1668	1
90	1669	1
provide	1669	1
90	1671	1
limited	1672	1
provide	1672	1
90	1674	1
limited	1675	1
90	1676	1
provide	1676	1
place	1677	2
provide	1677	1
place	1678	1
burden	1678	1
90	1678	1
dec	1679	1
provide	1680	1
90	1681	1
provide	1681	2
dec	1681	1
storage	1681	1
consistent	1682	1
consistent	1683	1
90	1684	1
place	1684	1
place	1685	1
provide	1685	4
provide	1686	3
90	1686	1
transferr	1687	1
place	1688	1
provide	1688	2
90	1689	1
provide	1689	3
provide	1690	1
petty	1690	1
90	1691	1
90	1693	1
authorizes	1694	1
petty	1695	1
provide	1695	1
90	1696	1
consistent	1696	1
provide	1697	1
90	1698	1
provide	1698	1
90	1699	1
provide	1699	3
90	1701	1
dec	1702	1
increasing	1702	1
increasing	1703	1
90	1704	1
provide	1705	1
90	1706	1
provide	1706	1
place	1708	1
90	1709	1
money	1711	1
90	1712	1
little	1713	1
sister	1714	1
90	1715	1
90	1717	1
90	1718	1
90	1720	1
place	1720	1
place	1721	2
place	1722	2
90	1722	1
provide	1723	1
place	1723	2
consistent	1724	1
90	1724	1
90	1725	1
consistent	1726	1
90	1727	1
provide	1727	1
place	1728	2
place	1729	1
prejudice	1731	1
place	1733	1
prejudice	1734	1
ither	1734	1
reinstated	1734	1
provide	1736	1
consistent	1737	1
provide	1737	2
reinstated	1739	1
reinstated	1741	1
provide	1745	1
limited	1754	1
aggregating	1759	1
collected	1759	2
collected	1760	2
1451	1762	2
aggregating	1762	1
1451	1763	2
aggregating	1763	1
90	1763	1
116	1763	1
dec	1763	2
116	1765	1
90	1765	1
116	1767	2
dec	1767	1
116	1768	2
dec	1768	1
provide	1771	2
choose	1773	1
trusted	1773	1
money	1780	1
collected	1785	1
collected	1786	1
provide	1786	1
provide	1787	1
burden	1788	1
burden	1789	2
collected	1790	1
burden	1790	3
burden	1791	2
collected	1791	1
seq	1791	1
provide	1791	1
provide	1792	1
collected	1792	1
consistent	1792	1
consistent	1793	1
provide	1793	2
burden	1793	3
burden	1794	3
burden	1795	7
table	1795	1
provide	1796	3
burden	1796	1
table	1796	1
burden	1797	6
tabulation	1797	1
complex	1797	1
provide	1797	1
provide	1798	1
burden	1799	1
ic	1799	1
90	1803	1
collected	1803	1
burden	1803	2
provide	1803	1
provide	1804	1
13011	1804	1
place	1814	1
90	1815	1
money	1819	1
provide	1822	1
provide	1823	1
provide	1824	1
collected	1825	1
provide	1825	1
provide	1826	3
contemplates	1826	1
provide	1827	1
place	1828	1
points	1828	1
points	1829	1
provide	1830	1
provide	1831	3
provide	1832	6
provide	1833	3
90	1833	1
limited	1834	2
burden	1834	2
limited	1836	2
place	1837	1
provide	1837	1
provide	1840	1
provide	1841	2
place	1841	1
slip	1842	1
place	1842	1
place	1843	1
provide	1843	1
limited	1843	1
burden	1843	1
limited	1844	1
burden	1844	1
comm	1845	1
little	1846	1
consistent	1846	1
limited	1847	1
inc	1847	1
provide	1848	1
inc	1849	2
limited	1849	1
corp	1849	1
points	1850	1
native	1853	1
place	1853	1
provide	1854	1
940	1855	1
provide	1857	2
limited	1858	2
burden	1858	1
provide	1859	1
provide	1860	1
consistent	1860	1
inc	1861	1
burden	1861	1
inc	1862	1
slip	1862	1
slip	1863	1
comm	1863	1
little	1864	1
burden	1864	1
burden	1865	1
provide	1865	1
consistent	1867	1
536	1868	1
linchpin	1868	1
1999	1868	1
place	1869	1
authorizes	1870	2
slip	1871	1
limited	1871	1
inc	1873	2
reinstated	1876	1
authorizes	1878	1
slip	1878	1
slip	1879	1
consistent	1879	1
provide	1880	1
provide	1881	1
consistent	1881	1
slip	1885	1
burden	1892	1
advice	1893	1
inc	1894	2
seq	1894	1
90	1894	1
90	1895	1
place	1897	1
native	1897	1
native	1898	1
1225	1898	1
provide	1898	1
provide	1899	1
seq	1899	1
1225	1900	1
authorizes	1900	1
1225	1901	5
provide	1901	1
dec	1901	1
dec	1902	1
116	1902	1
seq	1902	1
consistent	1902	1
consistent	1903	1
seq	1905	1
place	1905	1
provide	1906	2
1225	1906	1
consistent	1907	1
limited	1908	1
provide	1908	1
place	1908	1
place	1909	1
assured	1911	1
place	1912	1
provide	1913	1
provide	1914	1
1225	1914	1
seq	1915	1
dec	1915	2
dec	1916	1
limited	1916	1
inc	1917	1
limited	1917	1
contemplates	1918	1
1225	1918	1
limited	1919	1
provide	1920	1
implicit	1920	1
implicit	1921	1
1225	1921	1
limited	1921	1
consistent	1921	1
1225	1922	1
116	1922	1
contemplates	1924	1
native	1925	1
1225	1925	1
burden	1928	1
limited	1928	1
place	1928	1
inc	1930	1
1225	1932	1
inc	1934	1
spring	1934	1
advice	1937	2
advice	1938	2
limited	1938	1
consistent	1938	1
inc	1938	1
inc	1939	4
advice	1940	1
90	1940	1
1999	1941	1
inc	1941	1
1999	1942	1
advice	1942	2
90	1942	1
advice	1943	2
90	1943	1
provide	1944	1
90	1947	2
inc	1947	1
inc	1948	1
1890	1949	1
1999	1949	1
inc	1951	1
limited	1951	1
90	1951	1
90	1952	1
limited	1952	2
limited	1953	2
dec	1953	1
90	1953	1
inc	1954	3
statutes	1954	1
little	1954	1
advice	1955	3
limited	1958	1
authorizes	1959	1
statutes	1960	2
provide	1960	1
maracich	1963	1
statutes	1963	1
contemplates	1965	1
statutes	1967	3
little	1967	1
statutes	1968	1
little	1968	1
enormous	1968	1
burden	1968	1
inc	1970	2
burden	1971	1
inc	1971	1
deep	1972	1
provide	1973	1
contemplates	1973	1
burden	1974	1
prejudice	1974	1
burden	1975	1
prejudice	1975	1
1225	1975	1
consistent	1975	1
limited	1975	1
limited	1976	1
consistent	1977	1
cancels	1979	1
seq	1981	1
limited	1982	1
storage	1984	1
storage	1985	1
storage	1987	2
storage	1988	1
provide	1990	1
provide	1993	1
storage	1993	1
storage	1994	2
storage	1995	1
provide	1996	1
suf	1997	1
limited	1997	2
suf	1998	1
storage	2001	1
limited	2001	1
limited	2002	1
storage	2003	3
provide	2004	1
storage	2004	1
limited	2004	1
consistent	2005	1
consistent	2007	1
authorizes	2007	1
authorizes	2008	1
provide	2008	3
provide	2009	3
consistent	2009	1
consistent	2010	1
provide	2010	1
consistent	2011	1
limited	2011	1
limited	2012	1
storage	2012	1
consistent	2013	1
storage	2014	2
storage	2015	2
place	2017	1
provide	2018	1
limited	2019	2
storage	2019	1
storage	2020	1
consistent	2022	1
storage	2022	2
storage	2024	4
place	2024	1
storage	2027	1
storage	2031	1
seq	2032	1
limited	2033	1
storage	2036	1
storage	2038	1
storage	2039	2
storage	2040	1
storage	2041	4
provide	2043	1
provide	2045	1
storage	2045	1
storage	2046	1
storage	2047	1
provide	2047	1
limited	2048	1
limited	2049	1
provide	2050	1
provide	2051	1
place	2052	1
consistent	2054	1
storage	2055	1
storage	2056	1
limited	2056	1
place	2060	1
storage	2064	1
storage	2065	3
storage	2066	2
provide	2066	1
limited	2067	1
limited	2068	1
consistent	2070	1
consistent	2071	1
authorizes	2071	1
provide	2072	3
provide	2073	3
consistent	2073	1
provide	2074	1
consistent	2075	1
storage	2076	2
storage	2077	3
place	2079	1
place	2080	1
provide	2081	1
storage	2082	1
storage	2083	2
place	2087	1
limited	2093	1
consistent	2093	2
consistent	2094	2
storage	2094	2
provide	2097	1
publications	2100	1
wilcox	2102	2
wilcox	2103	3
points	2104	1
native	2107	1
spring	2108	1
consistent	2111	1
dec	2112	1
statutes	2113	1
consistent	2114	3
dec	2114	1
examinations	2114	2
consistent	2115	2
provide	2115	1
dec	2115	1
consistent	2116	1
dec	2116	4
1999	2116	1
1999	2117	1
dec	2117	2
dec	2118	2
dec	2119	2
consistent	2120	2
dec	2120	1
consistent	2121	1
dec	2122	1
consistent	2122	1
dec	2123	1
dec	2124	1
provide	2124	1
provide	2125	2
limited	2136	1
backs	2137	1
backs	2138	1
consistent	2139	2
consistent	2140	2
provide	2140	1
choose	2140	1
choose	2141	1
provide	2141	1
place	2141	1
consistent	2142	1
consistent	2143	1
consistent	2145	1
consistent	2146	1
collected	2147	1
collected	2149	1
advice	2151	1
consistent	2155	1
provide	2160	1
provide	2162	2
collected	2163	1
collected	2164	1
limited	2172	1
provide	2178	1
limited	2178	1
limited	2179	1
limited	2182	1
consistent	2182	1
reentry	2184	1
reentry	2185	1
seq	2186	1
consistent	2188	2
provide	2188	1
consistent	2189	1
provide	2189	1
provide	2191	1
consistent	2192	1
consistent	2195	1
burden	2198	1
consistent	2199	1
limited	2201	1
complex	2204	1
complex	2205	1
burden	2205	1
table	2205	1
table	2206	1
burden	2207	1
statutes	2208	1
limited	2210	1
limited	2211	1
limited	2213	1
burden	2213	1
limited	2215	1
limited	2216	2
provide	2216	1
consistent	2216	1
points	2218	1
points	2219	1
complex	2220	1
provide	2221	1
complex	2222	1
provide	2223	1
provide	2224	1
dec	2224	4
244	2225	2
dec	2225	1
116	2226	1
dec	2228	7
dec	2229	2
116	2229	1
dec	2230	12
dec	2231	18
dec	2232	21
comm	2232	1
dec	2233	4
dec	2234	1
dec	2235	7
comm	2235	2
dec	2236	8
dec	2237	2
corp	2238	1
complex	2238	1
nationwide	2243	1
nationwide	2244	1
eserve	2246	1
eserve	2247	3
0506	2247	1
0506	2248	3
eserve	2248	1
0506	2249	1
eserve	2249	1
complex	2252	1
psn	2263	1
90	2264	1
90	2265	1
increasing	2265	1
surging	2265	1
surging	2266	1
increasing	2268	1
provide	2271	1
provide	2272	1
consistent	2272	1
place	2273	2
provide	2273	1
provide	2274	3
place	2274	1
consistent	2274	1
provide	2275	4
consistent	2275	1
place	2275	1
place	2276	2
consistent	2276	2
consistent	2277	3
provide	2277	1
consistent	2278	1
limited	2278	1
limited	2279	2
money	2279	1
debarment	2279	1
money	2280	1
debarment	2280	1
burden	2280	1
limited	2281	1
limited	2283	1
provide	2289	1
provide	2290	1
limited	2291	2
provide	2291	1
provide	2294	1
burden	2296	1
burden	2297	1
burden	2298	2
provide	2299	1
burden	2299	1
provide	2302	1
provide	2303	1
burden	2303	2
dec	2303	1
attendant	2304	1
attendant	2305	1
provide	2305	1
provide	2306	3
collected	2306	1
burden	2306	2
burden	2307	2
burden	2308	4
table	2308	1
burden	2309	2
burden	2310	4
provide	2310	3
table	2310	1
burden	2311	1
tabulation	2311	1
complex	2311	1
provide	2311	1
consistent	2311	1
90	2313	1
burden	2313	2
116	2316	3
provide	2316	1
consistent	2320	1
dec	2321	1
116	2326	1
place	2328	1
statutes	2330	1
seq	2330	2
advice	2332	1
native	2332	1
money	2334	1
sister	2335	3
sister	2336	2
native	2340	1
limited	2343	1
1225	2346	2
1999	2347	1
1225	2348	1
1225	2349	2
provide	2355	1
little	2356	1
provide	2356	1
provide	2357	1
place	2358	1
safely	2359	1
provide	2362	2
provide	2363	1
dec	2364	1
90	2366	2
limited	2367	1
90	2368	1
dec	2368	1
provide	2368	1
provide	2369	1
dec	2369	1
90	2370	1
90	2374	1
provide	2374	1
provide	2375	1
authorizes	2376	3
provide	2376	1
authorizes	2377	1
provide	2377	1
116	2377	1
complex	2379	1
safely	2380	2
native	2381	1
1225	2381	1
provide	2386	2
place	2386	1
place	2387	1
provide	2387	2
provide	2388	2
provide	2389	4
provide	2390	1
1225	2392	1
1225	2393	3
attendant	2393	2
attendant	2394	1
provide	2394	1
1225	2394	1
provide	2395	1
georgevitch	2396	1
georgevitch	2397	1
dec	2399	1
burden	2399	1
hatch	2399	1
dec	2400	3
dec	2401	1
provide	2401	2
dec	2402	1
dec	2403	1
90	2405	1
dec	2405	1
provide	2405	1
limited	2406	1
limited	2407	1
dec	2407	1
90	2407	1
90	2408	1
provide	2408	1
burden	2408	1
burden	2409	1
dec	2409	3
complex	2410	1
dec	2410	1
dec	2411	2
burden	2411	2
dec	2412	1
burden	2412	1
burden	2413	1
setiadi	2413	1
dec	2413	1
90	2413	1
90	2414	1
inc	2414	1
244	2414	1
provide	2415	1
dec	2415	2
limited	2415	1
dec	2416	2
limited	2416	1
consistent	2416	2
116	2417	1
prejudice	2417	1
90	2419	1
prejudice	2421	2
1999	2421	1
burden	2421	1
prejudice	2422	2
prejudice	2423	2
corp	2424	1
prejudice	2424	1
georgevitch	2425	1
116	2427	1
nationwide	2428	2
nationwide	2429	1
inc	2433	1
inc	2434	1
limited	2434	1
provide	2434	1
limited	2435	1
provide	2435	1
complex	2437	1
complex	2438	1
dec	2439	1
limited	2443	1
dec	2445	1
seq	2446	1
seq	2447	2
place	2451	1
duarte	2451	1
dec	2452	1
dec	2453	1
points	2453	1
points	2454	1
statutes	2455	1
place	2459	1
seq	2459	1
seq	2461	1
place	2461	1
place	2462	1
1225	2462	1
statutes	2462	2
consistent	2464	2
burden	2465	1
reentry	2471	2
governor	2471	1
governor	2472	1
reentry	2472	1
provide	2474	2
consistent	2474	1
provide	2475	2
choose	2478	1
provide	2480	3
native	2482	1
seq	2482	4
seq	2483	1
774	2489	1
backs	2490	1
backs	2491	1
consistent	2492	2
consistent	2493	2
provide	2493	1
choose	2493	1
choose	2494	1
provide	2494	1
place	2494	1
consistent	2495	1
consistent	2496	1
consistent	2498	1
safely	2498	1
consistent	2499	1
safely	2499	1
provide	2499	1
consistent	2500	1
consistent	2501	1
safely	2501	1
provide	2501	1
provide	2502	1
refusals	2504	1
limited	2509	1
increasing	2509	1
provide	2512	1
consistent	2516	1
consistent	2517	1
consistent	2519	1
consistent	2520	2
limited	2521	1
burden	2521	1
consistent	2521	1
limited	2523	1
limited	2529	1
consistent	2530	1
consistent	2534	1
limited	2536	1
774	2542	1
burden	2544	2
provide	2544	1
provide	2545	1
provide	2548	1
money	2553	1
collected	2559	1
collected	2560	1
burden	2561	2
burden	2562	2
provide	2570	1
consistent	2571	1
inc	2575	2
provide	2575	1
provide	2576	1
facilitates	2576	1
90	2576	1
provide	2577	1
inc	2578	2
inc	2582	1
spring	2583	1
inc	2583	1
statutes	2586	1
seq	2587	2
provide	2587	2
consistent	2587	1
consistent	2588	1
dec	2590	1
dec	2591	1
provide	2592	1
collected	2593	1
provide	2594	2
provide	2595	3
assured	2595	1
provide	2597	1
consistent	2598	1
money	2598	1
assured	2598	1
money	2599	2
assured	2599	1
nationwide	2599	1
nationwide	2600	1
limited	2601	1
burden	2604	1
90	2604	1
inc	2604	1
provide	2606	1
wisconsinchurch	2606	1
consistent	2608	1
consistent	2609	1
governor	2610	3
116	2611	1
governor	2611	1
governor	2612	2
90	2614	2
provide	2615	1
provide	2616	2
heartbroken	2619	1
provide	2619	1
little	2621	1
heartbroken	2624	1
heartbroken	2625	1
sister	2625	1
safely	2625	1
safely	2626	1
provide	2626	1
assured	2628	1
assured	2629	1
provide	2629	1
limited	2633	1
kentucky	2634	1
provide	2637	1
provide	2639	1
provide	2643	1
statutes	2644	1
seq	2644	1
90	2646	1
limited	2646	2
244	2651	1
seq	2653	1
authorizes	2653	1
statutes	2653	1
authorizes	2654	1
statutes	2654	1
consistent	2655	1
statutes	2655	1
consistent	2656	1
statutes	2656	1
place	2660	1
90	2661	1
provide	2661	3
provide	2662	2
nationwide	2662	1
consistent	2662	1
statutes	2664	2
money	2664	1
provide	2664	1
provide	2665	2
provide	2666	2
gospel	2670	1
seq	2671	1
consistent	2671	1
provide	2672	1
inc	2672	1
90	2673	1
provide	2674	3
consistent	2674	1
seq	2676	1
provide	2677	1
90	2679	3
90	2680	2
consistent	2680	1
limited	2680	1
consistent	2681	1
consistent	2682	1
90	2682	1
90	2683	2
provide	2684	1
provide	2685	1
90	2685	1
90	2686	1
provide	2686	2
consistent	2686	1
consistent	2687	1
statutes	2687	2
authorizes	2687	1
provide	2687	1
statutes	2688	2
provide	2688	1
money	2688	2
money	2689	1
provide	2690	2
90	2690	1
money	2691	1
dec	2692	1
money	2692	1
provide	2693	1
statutes	2695	1
inc	2696	1
authorizes	2696	1
inc	2697	1
provide	2698	1
comm	2698	1
inc	2698	1
provide	2699	1
inc	2700	1
comm	2700	1
comm	2701	1
provide	2701	1
90	2701	1
consistent	2701	1
contemplates	2702	1
provide	2705	1
inc	2708	2
provide	2710	1
provide	2711	1
balances	2711	1
balances	2712	1
provide	2712	1
increasing	2712	1
authorizes	2715	1
provide	2716	1
nationwide	2717	1
provide	2717	3
90	2717	1
90	2718	1
burden	2719	1
consistent	2721	1
90	2721	2
consistent	2723	2
consistent	2724	1
90	2724	1
prejudice	2727	1
corp	2727	1
inc	2730	2
inc	2731	1
burden	2731	1
successive	2731	1
burden	2732	2
successive	2732	1
inc	2735	2
kentucky	2736	1
inc	2737	1
provide	2742	2
interruption	2744	1
implicit	2745	1
statutes	2746	1
inc	2754	1
authorizes	2758	1
90	2759	3
provide	2761	1
money	2761	2
money	2762	3
money	2763	5
corp	2763	1
provide	2764	1
provide	2765	2
authorizes	2766	1
provide	2767	1
seq	2767	1
seq	2768	1
corp	2769	1
116	2771	1
burden	2774	1
inc	2774	1
provide	2778	1
implicit	2779	1
burden	2781	1
inc	2782	1
inc	2783	2
corp	2783	1
inc	2784	1
corp	2785	1
inc	2787	1
place	2788	1
nationwide	2789	4
limited	2789	1
nationwide	2790	2
provide	2790	1
nationwide	2791	2
provide	2791	1
nationwide	2792	1
provide	2792	2
inc	2792	1
provide	2793	1
inc	2794	2
provide	2795	1
90	2797	1
inc	2797	2
provide	2798	2
inc	2801	2
authorizes	2801	1
inc	2802	1
corp	2802	1
money	2802	1
money	2803	4
corp	2803	1
money	2804	3
corp	2804	1
inc	2804	1
provide	2805	1
provide	2806	4
inc	2806	1
money	2806	1
provide	2807	1
money	2807	3
base	2807	2
corp	2808	2
money	2808	1
provide	2810	1
money	2811	1
statutes	2812	2
inc	2812	1
limited	2812	1
limited	2813	1
statutes	2813	2
complex	2813	1
choose	2813	1
inc	2814	1
provide	2815	1
authorizes	2815	1
provide	2817	2
provide	2818	1
limited	2819	1
1225	2819	1
authorizes	2820	1
statutes	2820	1
provide	2820	1
provide	2821	1
money	2824	1
place	2824	1
statutes	2825	4
provide	2825	1
statutes	2826	1
inc	2826	1
corp	2829	1
money	2831	1
inc	2833	1
nationwide	2833	1
corp	2834	1
inc	2834	1
corp	2836	1
statutes	2836	1
inc	2837	1
mismanagement	2837	1
mismanagement	2838	1
nationwide	2839	1
provide	2839	1
1999	2841	1
place	2841	1
limited	2842	1
provide	2842	3
provide	2843	1
place	2845	1
little	2848	1
inc	2851	2
jiggerypokery	2855	1
provide	2857	2
provide	2858	1
provide	2859	2
limited	2859	1
provide	2860	1
provide	2861	2
limited	2861	1
place	2862	1
provide	2862	2
interruption	2862	1
interruption	2863	1
provide	2864	2
provide	2865	1
limited	2865	1
90	2868	2
provide	2869	3
seq	2869	2
provide	2870	2
limited	2870	1
limited	2871	2
place	2871	1
provide	2873	2
seq	2873	1
seq	2874	1
provide	2874	1
provide	2875	4
provide	2876	4
provide	2877	4
authorizes	2878	1
provide	2878	1
authorizes	2879	2
provide	2879	2
provide	2880	1
provide	2881	1
authorizes	2884	2
authorizes	2885	1
provide	2885	1
seq	2886	1
116	2886	1
statutes	2889	1
cancels	2890	1
cancels	2891	1
provide	2891	2
provide	2892	1
provide	2893	3
provide	2894	1
seq	2896	2
inc	2897	4
seq	2897	1
corp	2897	1
corp	2898	1
inc	2898	2
provide	2901	1
seq	2902	2
consistent	2902	1
consistent	2903	1
burden	2905	1
provide	2906	1
burden	2907	6
burden	2908	5
provide	2911	4
dec	2913	2
limited	2913	1
provide	2914	2
1999	2914	1
1999	2915	1
burden	2915	1
provide	2915	1
burden	2916	1
ic	2916	1
90	2919	1
nationwide	2921	1
limited	2922	1
provide	2922	1
provide	2923	2
collected	2924	1
provide	2924	3
provide	2925	3
consistent	2926	1
provide	2927	1
provide	2928	3
provide	2929	1
90	2929	1
limited	2930	1
90	2930	1
limited	2939	1
nationwide	2940	3
deceased	2940	1
place	2940	2
place	2941	1
limited	2941	1
deceased	2942	1
consistent	2946	1
inc	2949	1
consistent	2950	1
90	2961	1
backs	2962	1
backs	2963	1
consistent	2964	2
consistent	2965	2
provide	2965	1
choose	2965	1
choose	2966	1
provide	2966	1
place	2966	1
consistent	2967	1
consistent	2968	1
seq	2969	1
90	2969	1
90	2970	1
inc	2974	1
jane	2974	2
jane	2975	2
90	2976	1
90	2978	1
provide	2980	1
provide	2981	3
contemplates	2981	1
seq	2983	1
money	2983	1
limited	2986	1
jane	2989	2
money	2989	1
money	2990	1
90	2994	1
dec	2996	1
provide	2996	1
90	2997	1
dec	2997	1
little	2998	1
interruption	3000	1
1225	3000	1
1225	3001	1
consistent	3002	1
inc	3002	1
90	3002	1
increasing	3002	2
collected	3002	1
90	3005	2
limited	3006	1
little	3006	1
complex	3006	1
complex	3007	1
90	3007	1
90	3010	1
provide	3010	2
provide	3011	2
90	3011	1
windfall	3012	1
little	3012	1
90	3013	1
provide	3014	3
collected	3015	2
provide	3015	1
90	3016	2
complex	3017	1
complex	3018	2
place	3019	2
place	3020	1
90	3020	1
47928	3020	1
90	3021	1
90	3022	3
90	3023	1
90	3024	3
47928	3024	1
nationwide	3025	1
provide	3026	1
money	3026	1
47928	3027	1
vitiated	3028	1
90	3029	1
47928	3029	1
base	3029	1
90	3030	1
90	3031	1
116	3031	1
collected	3032	1
inc	3033	2
provide	3033	1
inc	3037	2
collected	3038	1
collected	3039	1
provide	3039	1
statutes	3039	1
money	3040	1
provide	3041	1
inc	3042	1
provide	3045	1
cheng	3046	3
provide	3046	1
increasing	3049	1
provide	3049	1
provide	3050	2
provide	3051	1
cancels	3051	1
dec	3053	1
place	3053	1
native	3053	1
native	3054	1
place	3054	1
dec	3054	1
place	3056	3
dec	3056	1
place	3057	4
place	3058	2
dec	3059	1
provide	3059	1
place	3059	2
place	3060	3
dec	3060	1
contemplates	3060	1
contemplates	3061	1
place	3061	4
dec	3061	1
place	3062	4
dec	3063	1
place	3064	2
place	3065	2
dec	3065	1
provide	3065	1
provide	3066	1
place	3066	2
dec	3066	1
dec	3067	3
reinstated	3067	1
departed	3069	1
dec	3070	3
place	3070	3
petty	3070	2
place	3071	2
native	3071	1
dec	3071	1
place	3072	2
place	3073	2
dec	3073	2
place	3074	2
dec	3074	1
place	3075	1
dec	3075	1
dec	3077	3
dec	3078	2
place	3078	2
limited	3078	1
prejudice	3079	1
dec	3079	1
dec	3080	1
place	3080	2
place	3081	2
dec	3082	1
dec	3083	2
place	3083	1
implicit	3084	1
dec	3084	1
dec	3085	3
place	3085	2
dec	3086	2
provide	3086	1
90	3086	1
inc	3087	2
dec	3087	2
dec	3088	2
dec	3089	3
244	3090	1
dec	3090	1
1999	3090	1
dec	3091	3
dec	3092	2
prejudice	3092	1
cheng	3093	1
place	3093	1
place	3094	3
place	3095	5
provide	3095	2
blueprint	3095	1
blueprint	3096	1
place	3096	4
provide	3096	1
4978	3096	1
place	3097	3
provide	3097	1
aldana	3099	1
dec	3099	1
provide	3100	1
place	3100	1
116	3101	2
provide	3101	1
place	3103	4
provide	3103	1
place	3104	2
provide	3104	1
place	3105	1
statutes	3105	1
invite	3106	1
place	3106	3
provide	3106	2
provide	3107	1
place	3107	5
116	3108	1
place	3108	4
provide	3108	1
provide	3109	1
authorizes	3109	2
116	3109	1
place	3109	1
maracich	3109	1
place	3110	7
place	3111	2
place	3112	3
116	3113	1
place	3113	4
place	3114	6
provide	3115	1
place	3115	3
place	3116	8
place	3117	5
burden	3118	2
place	3118	2
provide	3119	1
place	3119	1
burden	3123	1
safely	3124	1
provide	3124	2
limited	3124	1
provide	3125	1
consistent	3126	2
provide	3127	1
consistent	3127	1
collected	3129	1
burden	3129	1
storage	3129	1
burden	3130	2
storage	3130	1
collected	3130	1
provide	3130	1
116	3131	1
116	3132	1
collected	3132	1
provide	3132	2
burden	3132	2
90	3133	6
burden	3133	5
burden	3134	4
place	3134	1
collected	3136	1
provide	3138	1
consistent	3138	1
burden	3139	2
burden	3140	2
consistent	3140	1
burden	3141	1
burden	3142	2
burden	3143	4
tabulation	3143	1
90	3144	1
backs	3144	1
place	3144	1
inc	3146	2
kentucky	3146	6
09fam	3150	1
provide	3150	1
09fam	3152	1
place	3152	1
09fam	3153	1
provide	3155	1
place	3157	1
limited	3164	1
90	3168	1
provide	3168	1
provide	3169	1
provide	3170	3
collected	3170	2
provide	3171	2
burden	3171	2
provide	3172	3
native	3172	1
provide	3173	2
native	3173	1
consistent	3174	1
place	3175	1
place	3176	2
place	3177	1
limited	3177	1
limited	3178	1
trustee	3180	1
trustee	3181	1
90	3189	1
90	3190	1
limited	3191	1
90	3193	1
limited	3194	2
limited	3195	1
provide	3195	3
illustrate	3195	1
provide	3196	1
90	3196	1
consistent	3196	1
consistent	3197	1
90	3198	3
provide	3198	1
90	3199	1
026	3199	1
90	3200	2
90	3201	2
limited	3201	1
90	3203	1
consistent	3204	1
nationwide	3205	1
90	3205	1
90	3206	1
90	3207	1
little	3207	1
90	3208	1
limited	3208	1
116	3208	1
90	3209	2
table	3212	1
governor	3212	1
reentry	3212	1
governor	3213	1
reentry	3213	1
provide	3213	1
90	3215	2
money	3216	1
complex	3216	1
burden	3216	1
provide	3217	2
complex	3218	1
provide	3218	2
provide	3219	2
burden	3219	1
complex	3219	1
points	3219	1
provide	3220	1
provide	3221	2
statutes	3222	1
statutes	3223	1
corp	3223	1
inc	3223	1
statutes	3224	1
comm	3225	1
provide	3225	1
inc	3225	1
provide	3226	1
limited	3227	1
limited	3228	1
provide	3230	1
provide	3231	1
provide	3232	1
place	3233	1
place	3234	1
provide	3234	1
place	3238	1
place	3239	2
264	3241	1
provide	3244	3
provide	3247	2
provide	3248	1
nationwide	3248	2
comm	3248	1
nationwide	3249	1
blueprint	3249	1
attendant	3252	1
consistent	3253	1
increasing	3253	1
90	3254	1
90	3255	1
90	3256	1
statutes	3256	1
statutes	3257	1
provide	3258	1
provide	3259	2
provide	3261	1
limited	3263	1
seq	3264	1
provide	3268	2
consistent	3268	1
nationwide	3268	1
provide	3270	1
consistent	3271	1
90	3273	1
points	3273	1
native	3273	1
native	3274	2
provide	3274	1
limited	3275	1
provide	3275	1
provide	3276	2
native	3277	1
provide	3277	1
limited	3277	1
provide	3278	1
limited	3278	1
snapshot	3278	1
007	3279	1
limited	3279	1
trusted	3279	1
provide	3280	3
native	3280	2
snapshot	3280	2
provide	3281	1
90	3281	1
limited	3281	2
provide	3282	1
snapshot	3282	4
native	3282	1
90	3285	1
provide	3285	1
provide	3286	2
limited	3286	1
limited	3287	2
provide	3287	2
90	3287	1
90	3288	1
provide	3288	3
native	3288	1
provide	3289	2
native	3289	1
limited	3289	1
limited	3290	1
consistent	3291	1
provide	3291	1
provide	3292	3
provide	3293	1
provide	3294	1
provide	3295	3
provide	3296	2
116	3296	1
provide	3297	4
place	3297	1
provide	3298	3
seq	3299	1
provide	3299	1
provide	3300	3
consistent	3300	1
provide	3301	3
consistent	3301	1
provide	3302	2
limited	3302	1
90	3302	1
90	3303	1
limited	3303	2
provide	3303	2
provide	3304	1
implicit	3304	1
implicit	3305	1
place	3305	1
provide	3305	2
limited	3306	1
limited	3307	1
limited	3308	2
limited	3309	2
provide	3309	2
provide	3310	3
invite	3310	1
limited	3310	1
invite	3311	1
provide	3311	1
limited	3311	1
limited	3312	1
dec	3315	1
provide	3316	1
provide	3318	1
provide	3319	2
prize	3319	1
prize	3320	1
provide	3320	1
dec	3320	1
provide	3321	3
provide	3322	2
provide	3323	1
educations	3323	1
dec	3324	1
provide	3325	2
reinstated	3329	1
consistent	3329	1
increasing	3329	1
provide	3331	1
nationwide	3331	2
comm	3331	1
consistent	3332	1
consistent	3333	1
place	3333	1
complex	3333	1
place	3334	1
complex	3334	1
provide	3334	2
provide	3335	1
provide	3337	1
place	3337	1
consistent	3339	1
complex	3339	1
enormous	3339	1
90	3340	2
money	3340	1
90	3341	1
money	3341	1
money	3342	1
limited	3342	1
provide	3347	1
90	3347	1
90	3348	2
244	3349	1
90	3349	1
consistent	3349	1
limited	3349	1
limited	3350	1
money	3351	1
consistent	3352	1
provide	3352	1
consistent	3354	1
advice	3356	1
provide	3356	1
264	3358	1
limited	3361	1
provide	3361	1
provide	3362	1
consistent	3364	1
consistent	3365	1
provide	3368	1
90	3369	1
90	3370	1
consistent	3370	1
provide	3371	1
provide	3372	1
90	3374	1
provide	3377	1
consistent	3378	1
limited	3379	1
limited	3380	1
provide	3380	1
limited	3381	2
provide	3381	1
limited	3382	1
limited	3383	1
dec	3384	1
dec	3385	1
20insufficient	3385	1
20access	3385	1
20insufficient	3387	1
20access	3387	1
90	3387	1
limited	3388	2
limited	3389	2
limited	3390	1
base	3390	1
provide	3390	1
base	3391	1
provide	3391	1
native	3393	1
limited	3394	1
provide	3394	1
nationwide	3394	1
statutes	3395	1
1225	3395	1
1235	3395	1
90	3396	1
money	3396	1
provide	3396	1
90	3397	1
inc	3398	1
kentucky	3399	1
provide	3399	1
provide	3400	1
inc	3401	1
egregious	3403	1
statutes	3405	1
seq	3407	1
provide	3407	1
provide	3408	3
limited	3408	1
provide	3409	2
limited	3409	1
inc	3410	1
native	3413	1
native	3414	1
authorizes	3415	1
authorizes	3416	1
provide	3418	1
provide	3419	1
provide	3422	1
provide	3423	1
provide	3424	1
inc	3424	1
1999	3424	1
433	3425	1
inc	3425	1
corp	3425	1
statutes	3426	1
inc	3426	1
provide	3428	1
116	3429	1
inc	3431	1
limited	3431	1
limited	3432	1
native	3437	1
116	3438	1
116	3439	1
1225	3441	1
90	3444	1
provide	3444	1
inc	3446	1
consistent	3450	1
consistent	3451	1
90	3454	1
provide	3457	1
seq	3458	1
inc	3459	2
comm	3461	1
inc	3461	1
90	3462	2
90	3463	2
place	3465	1
provide	3465	1
statutes	3465	1
little	3467	1
statutes	3467	1
provide	3468	1
90	3469	1
illustrate	3470	1
statutes	3470	1
statutes	3471	1
corp	3471	1
little	3471	1
little	3472	1
90	3472	2
limited	3472	1
place	3472	1
90	3473	2
provide	3473	1
90	3474	3
limited	3474	1
consistent	3476	1
money	3477	1
politically	3477	1
comm	3479	1
comm	3480	1
place	3480	1
inc	3480	1
inc	3481	1
complex	3481	1
complex	3482	1
nationwide	3482	1
provide	3482	1
provide	3483	1
little	3483	1
90	3483	1
inc	3483	1
inc	3484	1
statutes	3484	1
provide	3484	1
provide	3485	1
statutes	3487	1
statutes	3488	1
limited	3488	1
points	3491	1
90	3491	1
90	3492	1
little	3492	1
comm	3492	1
provide	3493	1
statutes	3493	1
consistent	3493	1
inc	3495	1
consistent	3496	1
provide	3497	1
provide	3498	3
illustrate	3498	1
statutes	3499	1
points	3499	1
535	3499	1
statutes	3500	1
points	3500	1
90	3501	2
little	3502	1
90	3502	1
provide	3505	1
536	3505	1
536	3506	1
provide	3506	1
provide	3507	1
inc	3507	1
inc	3508	2
burden	3508	1
money	3508	1
corp	3508	1
provide	3510	2
money	3513	1
inc	3515	1
slip	3515	1
place	3515	1
consistent	3516	1
consistent	3517	1
money	3517	2
money	3518	2
burden	3518	2
inc	3520	2
authorizes	3520	1
limited	3520	1
inc	3521	2
1999	3521	1
90	3522	3
provide	3522	1
provide	3523	1
90	3527	1
seq	3527	1
points	3527	1
burden	3527	2
collected	3527	1
points	3528	1
burden	3528	2
collected	3528	1
simulate	3529	2
provide	3529	1
provide	3530	1
authorizes	3530	1
burden	3531	3
collected	3531	1
board1	3532	1
statutes	3539	1
advice	3539	1
provide	3541	1
provide	3542	1
provide	3543	1
complex	3552	1
provide	3560	1
1950s	3561	1
provide	3561	1
statutes	3561	1
advice	3562	1
provide	3562	1
provide	3563	2
provide	3564	1
statutes	3564	1
90	3567	1
provide	3567	1
reinstated	3568	1
provide	3569	1
overwhelming	3569	1
overwhelming	3570	1
provide	3570	2
politically	3571	1
provide	3571	2
provide	3572	2
place	3572	2
advice	3573	1
provide	3573	1
overwhelming	3573	1
collected	3575	1
provide	3576	1
90	3579	1
provide	3581	1
complex	3584	1
seq	3585	1
provide	3586	3
provide	3587	1
reinstated	3587	1
provide	3588	1
reinstated	3588	1
reinstated	3589	1
little	3589	1
mismanagement	3594	1
1999	3594	1
advice	3595	1
provide	3595	1
provide	3596	3
inc	3598	1
provide	3599	1
provide	3600	1
inc	3600	1
887518	3600	1
wilcox	3600	1
comm	3601	1
reinstated	3602	1
provide	3603	2
provide	3604	1
887518	3605	1
provide	3607	1
little	3607	1
reinstated	3607	1
inc	3607	1
choose	3608	1
trusted	3608	1
provide	3610	1
prejudice	3611	1
limited	3618	2
dec	3619	5
dec	3620	3
dec	3621	4
dec	3622	1
dec	3623	1
dec	3624	6
resentence	3624	1
dec	3625	3
dec	3626	1
dec	3628	1
dec	3629	1
dec	3630	1
dec	3631	1
provide	3632	1
dec	3632	1
limited	3632	1
limited	3633	1
dec	3634	1
dec	3635	1
1999	3635	1
dec	3636	1
place	3636	1
dec	3637	1
dec	3638	2
little	3639	1
dec	3639	2
dec	3640	4
corp	3640	1
little	3641	2
dec	3641	1
dec	3642	2
dec	3643	1
statutes	3643	2
statutes	3644	2
dec	3644	1
inc	3646	2
dec	3646	1
dec	3647	1
dec	3648	3
774	3648	1
choose	3648	1
corp	3649	1
burden	3649	1
burden	3650	9
dec	3650	1
burden	3651	8
dec	3651	1
dec	3652	1
dec	3653	1
1999	3653	3
native	3653	1
consistent	3654	1
dec	3654	1
1999	3654	1
dec	3655	1
1999	3655	2
dec	3657	1
1999	3657	1
native	3657	1
native	3658	1
116	3658	1
dec	3658	1
dec	3659	1
1999	3659	1
1999	3660	1
dec	3660	2
limited	3660	1
1999	3661	1
1999	3662	1
dec	3662	1
consistent	3662	1
1999	3663	1
dec	3664	3
provide	3665	1
dec	3666	1
dec	3667	3
native	3667	1
dec	3668	1
dec	3669	2
dec	3670	2
dec	3672	3
dec	3673	2
provide	3673	1
dec	3674	1
dec	3675	2
dec	3676	1
dec	3678	1
dec	3681	2
implicit	3681	1
consistent	3681	2
dec	3682	1
4978	3682	1
4978	3683	1
consistent	3683	1
dec	3683	2
1999	3683	1
dec	3684	1
limited	3684	1
limited	3685	1
dec	3685	1
consistent	3686	1
dec	3686	1
dec	3687	1
gainesville	3687	1
native	3688	1
1999	3688	1
dec	3688	1
1999	3690	1
dec	3690	1
statutes	3690	1
dec	3691	1
dec	3692	1
limited	3692	1
limited	3693	1
statutes	3694	2
contemplates	3694	1
dec	3694	1
dec	3695	3
dec	3696	2
egregious	3696	1
provide	3696	1
dec	3697	1
dec	3698	1
dec	3699	1
reentry	3700	1
dec	3701	1
consistent	3701	1
consistent	3703	1
native	3710	1
dec	3710	1
petty	3711	1
native	3711	1
native	3712	1
petty	3712	1
petty	3713	1
consistent	3716	1
provide	3716	1
complex	3717	1
increasing	3720	1
burden	3722	1
little	3723	1
little	3724	1
nationwide	3727	1
provide	3727	1
provide	3728	1
consistent	3729	1
1225	3732	1
90	3733	1
seq	3733	1
spies	3733	1
limited	3733	2
dec	3734	1
consistent	3734	1
points	3735	1
publications	3736	1
consistent	3736	1
dec	3736	1
dec	3737	1
dec	3738	2
dec	3739	1
1999	3739	1
limited	3739	1
inc	3739	1
1225	3742	1
limited	3744	1
provide	3744	1
provide	3747	1
consistent	3747	1
1225	3748	1
consistent	3748	1
1225	3749	1
1225	3750	1
comm	3752	3
dec	3752	2
consistent	3753	1
dec	3755	1
provide	3756	1
little	3756	1
provide	3757	1
little	3757	1
provide	3760	1
provide	3761	1
consistent	3762	1
dec	3762	3
place	3762	1
place	3763	1
limited	3764	1
consistent	3766	1
1225	3767	1
dec	3767	1
nationwide	3768	1
nationwide	3769	1
1225	3772	1
limited	3773	1
increasing	3775	1
increasing	3776	1
dec	3776	1
provide	3778	1
limited	3778	1
comm	3779	2
1225	3779	1
provide	3782	1
limited	3782	1
points	3783	1
points	3784	1
provide	3785	1
provide	3786	1
limited	3786	2
place	3786	1
nder	3788	1
overwhelming	3788	1
limited	3788	1
place	3789	2
limited	3789	1
complex	3789	1
dec	3791	1
dec	3793	2
place	3795	1
missed	3795	1
missed	3796	1
dec	3796	1
missed	3797	1
limited	3797	1
limited	3798	1
dec	3798	4
90	3800	1
implicit	3801	1
90	3801	1
limited	3804	1
limited	3805	1
increasing	3805	1
90	3808	1
90	3809	1
trusted	3809	1
nationwide	3809	1
nationwide	3810	1
940	3810	1
little	3810	1
little	3811	1
increasing	3811	1
flat	3811	1
place	3812	2
place	3813	1
1225	3813	2
1225	3814	7
consistent	3814	1
1225	3815	2
116	3815	1
provide	3815	1
limited	3815	1
dec	3816	1
nishimura	3816	1
116	3816	1
1225	3817	2
nationwide	3818	1
place	3818	1
consistent	3819	1
inc	3819	1
dec	3819	1
dec	3820	2
limited	3820	1
1225	3820	3
1225	3821	4
burden	3821	1
place	3821	1
provide	3821	1
place	3822	1
provide	3822	1
1225	3822	3
enormous	3823	1
provide	3824	2
burden	3824	1
burden	3825	1
consistent	3825	1
blueprint	3825	1
blueprint	3826	1
provide	3826	1
provide	3827	1
blueprint	3827	2
blueprint	3828	2
provide	3829	1
choose	3830	1
choose	3831	1
limited	3834	1
provide	3834	1
limited	3837	1
consistent	3837	1
consistent	3838	1
limited	3840	2
limited	3841	1
consistent	3841	1
consistent	3842	1
consistent	3843	1
place	3844	1
enormous	3845	1
consistent	3846	1
535	3846	1
535	3847	1
dec	3847	1
reinstated	3848	1
dec	3848	1
dec	3851	1
reinstated	3854	1
place	3854	1
reimplemented	3854	1
reinstated	3855	1
place	3855	1
reimplemented	3855	1
points	3858	1
points	3859	1
1225	3860	2
1225	3861	1
264	3865	1
nationwide	3867	1
dec	3867	1
dec	3868	1
1225	3868	1
nationwide	3869	1
reimplemented	3870	1
reimplemented	3871	1
provide	3871	1
nationwide	3872	1
inc	3874	1
limited	3874	1
inc	3876	1
limited	3878	1
inc	3880	2
corp	3880	1
corp	3881	1
inc	3881	1
535	3882	1
money	3883	1
provide	3883	1
slip	3884	1
money	3886	1
money	3887	1
provide	3887	1
provide	3888	2
provide	3889	2
provide	3891	2
consistent	3891	1
implicit	3892	1
irritated	3893	1
inc	3894	3
inc	3895	3
1999	3895	1
reimplemented	3895	1
inc	3896	1
1225	3897	3
1225	3898	3
inc	3898	1
1999	3900	1
1225	3903	1
burden	3906	1
comm	3907	1
1999	3907	1
limited	3908	1
limited	3909	1
place	3910	1
inc	3910	1
inc	3911	2
burden	3911	1
burden	3912	1
inc	3912	1
place	3912	2
provide	3912	1
advice	3912	1
provide	3913	1
advice	3913	1
mandel	3913	1
inc	3914	1
ree	3915	1
90	3916	1
burden	3916	1
provide	3917	1
limited	3917	1
1225	3919	2
1225	3920	4
statutes	3920	2
corp	3920	1
irrationally	3921	1
provide	3924	1
limited	3924	1
limited	3925	2
safely	3925	1
90	3925	1
90	3926	1
limited	3926	1
inc	3928	1
inc	3929	1
reimplemented	3930	1
limited	3931	2
inc	3932	1
provide	3932	1
provide	3933	1
provide	3934	3
provide	3935	1
inc	3935	1
inc	3936	1
limited	3937	1
sister	3938	1
consistent	3938	1
nationwide	3938	1
90	3939	1
burden	3939	2
collected	3939	1
1225	3941	2
nationwide	3942	1
nationwide	3943	1
1225	3943	1
1225	3944	1
limited	3944	1
limited	3945	1
inc	3946	1
provide	3948	1
nationwide	3948	1
inc	3950	1
433	3951	1
burden	3951	1
433	3952	1
inc	3953	1
nationwide	3954	2
inc	3954	1
nationwide	3955	1
reinstated	3955	2
reinstated	3956	2
provide	3956	1
authorizes	3957	1
nationwide	3957	1
nationwide	3958	1
place	3958	1
90	3958	1
limited	3959	1
inc	3961	3
corp	3962	1
inc	3963	1
provide	3963	1
money	3964	1
provide	3966	1
provide	3967	1
reinstated	3967	1
1225	3968	1
inc	3968	1
comm	3969	1
1999	3969	1
inc	3971	1
1225	3973	1
1225	3975	1
1225	3976	1
choose	3976	1
safely	3978	1
provide	3978	1
limited	3978	1
limited	3979	2
place	3979	1
1225	3980	1
corp	3980	1
statutes	3980	1
inc	3980	1
inc	3981	1
provide	3981	1
provide	3982	1
provide	3983	2
provide	3984	2
nationwide	3984	1
inc	3985	1
provide	3985	1
inc	3987	1
slip	3987	1
little	3988	1
nationwide	3988	1
1225	3988	1
1225	3989	2
burden	3989	1
1225	3990	1
attendant	3990	1
1225	3991	1
dec	3991	1
nationwide	3991	1
inc	3992	1
nationwide	3992	1
nationwide	3993	1
complex	3993	1
90	3994	1
nationwide	3995	1
inc	3998	1
corp	3999	1
provide	4000	1
money	4001	1
complex	4002	3
provide	4003	1
deep	4006	1
money	4008	1
money	4009	1
dec	4009	1
points	4009	1
points	4010	1
money	4013	1
place	4015	1
provide	4015	1
advice	4015	1
inc	4016	2
place	4017	1
little	4018	1
inc	4018	1
inc	4019	2
1225	4020	1
1225	4021	6
limited	4021	1
authorizes	4021	1
statutes	4021	1
statutes	4022	1
corp	4022	1
bands	4022	1
1225	4022	4
1225	4023	1
choose	4024	1
provide	4024	1
provide	4025	1
inc	4025	1
points	4025	1
points	4026	1
1225	4027	1
points	4027	1
statutes	4027	2
inc	4027	1
slip	4027	1
statutes	4028	2
consistent	4028	1
statutes	4029	1
nationwide	4029	1
1225	4029	1
provide	4036	1
provide	4037	2
671	4037	1
provide	4038	1
provide	4040	1
table	4044	1
cheng	4045	1
nationwide	4046	1
burden	4049	1
reinstated	4052	1
reinstated	4053	1
provide	4056	1
provide	4057	1
provide	4058	2
provide	4059	2
authorizes	4059	2
provide	4060	1
provide	4061	1
provide	4062	1
concepts	4064	1
provide	4064	1
provide	4067	2
trusted	4067	1
limited	4067	2
limited	4068	1
provide	4068	1
burden	4070	1
provide	4070	1
provide	4071	2
seq	4071	1
provide	4072	1
provide	4073	1
90	4079	3
burden	4079	4
trusted	4081	1
provide	4081	1
nationwide	4082	1
little	4083	1
dec	4083	3
prize	4084	1
provide	4084	1
provide	4085	2
burden	4085	1
examinations	4085	1
prize	4086	2
provide	4086	4
provide	4087	3
collected	4087	1
provide	4088	3
v393sns3sr	4088	1
provide	4089	5
collected	4089	3
provide	4090	3
provide	4091	1
zquez	4092	1
increasing	4098	1
nationwide	4098	1
nationwide	4099	1
provide	4099	1
base	4099	1
nationwide	4102	1
nationwide	4107	1
lobbied	4112	1
little	4113	1
money	4113	1
money	4114	1
table	4121	1
limited	4122	2
place	4122	1
deceased	4123	1
collected	4125	1
90	4132	1
increasing	4134	1
provide	4143	1
provide	4144	2
