query,rank,score,relevance,reason,title,administration,agencies_affected,subject_matter,snippet
temporary protected status,1,0.801646,3,Directly about TPS and focused on a TPS termination decision,DHS terminates Temporary Protected Status for Honduras,,"[""U.S. Citizenship and Immigration Services""]","[""TPS""]","A. The TPS Statute Temporary Protected Status (“TPS”) was created by the Immigration Act of 1990 (“Immigration Act”), Pub. L. No. 101-649, 104 Stat. 4978, and provides blanket relief to nationals of countries based on specific country conditions findings. 8 U.S.C. § 1254a. Pursuant to 8 U.S.C. § 1254a, the Secretary of Homeland Security may designate a country for TPS if she finds that: (A) … there is an ongoing armed conflict within the state and, due to Case 3:25-cv-05687-TLT Document 73 Filed 07/31/25 Page 7 of 37 8 1 2 3 4 5 6 7 8 9 10 11 12 13 14 15 16 17 18 19 20 21 22 23 24 25 26 27 28 United States District Court Northern District of California such conflict, requiring the return of aliens who are nationals of that state to that state (or to the part of the state) would pose a serious threat to their personal safety; (B) … (i) there has been an earthquake, flood, drought, epidemic, or other environmental disaster in the state resulting in a substantial, but temporary, disrupti…"
temporary protected status,2,0.765362,1,Touches immigration status categories but mainly concerns HUD tenant verification,HUD orders immediate citizenship-verification for tenants in HUD-funded housing,,"[""Unspecified/Other""]","[""Interior""]",9 SAVE Response Section 214 Eligibility Status  Application Pending – Temporary Employment Authorization;  Application Pending – Not Temporary Employment Authorization;  Deferred Action Status (DAS);  Deferred Action Status (DAS) – Not Employment Authorized;  Deferred Enforced Departure (DED); and  No Status;  No Status – Released on an Order of Supervision – Temporary Employment Authorized;  No Status – Employment Authorized Indefinitely; and  No Status Temporary Employment Authorized.  Immigration Enumerator Required – Resubmit with Additional Information;  Institute Additional Verification;  Institute Third Level Verification;  No Record Found with SSA – Resubmit with Additional Information;  Temporary Employment Authorized;  Resubmit Doc;  Verification in Process;  Continue to Process;  Unable to Process;  Null;  Expired Document;  Document Appears to be Altered; and  Document Appears to be Counterfeit. More information is required to classify the individual’…
temporary protected status,3,0.751035,1,Mentions TPS only as one possible status within a broader parole document,"EO 14165 § 7(b) directs termination of ""categorical parole programs"" including CHNV Parole Processes",,"[""Customs and Border Protection"", ""U.S. Citizenship and Immigration Services"", ""Unspecified/Other""]","[""Unspecified/Other""]","Parole is a temporary form of permission for a noncitizen to be in the United States. Parole does not itself lead to any other form of immigration status, although while here on parole, nothing prevents parolees from applying for any other immigration status for which they are eligible. Many parole recipients have applied for asylum pursuant to 8 U.S.C. § 1158, temporary protected status pursuant to 8 U.S.C. § 1254a, or other forms of status adjustments. Under longstanding regulations, many parolees can apply for employment authorization. 33. Section 212(d)(5)(A) of the Immigration and Nationality Act (“INA”), 8 U.S.C. § 1182(d)(5)(A), states that “the Attorney General may, except as provided in subparagraph (B) or in section 1184(f) of this title, in his discretion parole into the United States temporarily under such conditions as he may prescribe only on a case-by-case basis for urgent humanitarian reasons or significant public benefit any alien applying for admission to the United …"
temporary protected status,4,0.745752,0,About work authorization verification not TPS policy itself,DOL issues guidance requiring work-authorization verification for Employment and Training Administration (ETA) grant programs,,"[""Unspecified/Other""]","[""Employment Verification""]","For individuals whose work authorization is temporary, grantees must verify their continued work authorization at a reasonable interval determined by when their temporary authorization is expected to expire, but no less than once every three months. If, at any time, a grantee becomes aware that a participant’s employment authorization has expired or been revoked outside that 3-month check, then the grantee should exit the participant. Grantees who are registered to use SAVE can use the SAVE system for this continuous verification procedure. Grantees that cannot access SAVE should review documents listed as acceptable on the I-9 as described above. The above requirements reference verifying work authorization prior to delivering participant-level services. In the WIOA title I Adult and Dislocated Worker programs, to become a participant, an individual must meet all applicable program requirements to receive services aside from self-service or information-only services or activities. A …"
temporary protected status,5,0.740018,0,H-2B temporary labor process is unrelated to TPS,DOL proposes new collection form for employers seeking to employ H-2B nonimmigrant workers,,"[""Unspecified/Other""]","[""Unspecified/Other""]","The TLC process focuses on establishing whether a petitioner has a temporary need for workers and whether there are U.S. workers who are able, willing, qualified, and available to perform the temporary service or labor. It does not address the harm a petitioner is facing or will face if it is unable to receive the H-2B workers for which it has been certified, which is a requirement to access supplemental H-2B visas. The petitioner must submit an attestation to USCIS in which the petitioner affirms, under penalty of perjury, that it meets the business need standard—that they are suffering irreparable harm or will suffer impending irreparable harm (that is, permanent and severe financial loss) without the ability to employ all of the H-2B workers requested on their petition. In addition to asserting that it meets the business need standard, the employer must attest that, by the time of submission of the petition to USCIS, they have prepared and retained a detailed written statement desc…"
asylum policy,1,0.75655,2,Strongly related because MPP affects asylum access but it is narrower than asylum policy generally,"EO 14165 § 6 directs DHS, DOS, and DOJ to resume the Migrant Protection Protocols",,"[""Unspecified/Other"", ""Unspecified/Other"", ""Unspecified/Other""]","[""Border"", ""Asylum, Withholding and CAT""]","During this period, a policy was implemented that barred asylum for individuals who transited through third countries and decisions were issued that limited humanitarian protection claims based on family membership and gender; these likely depressed grant rates. See Asylum Eligibility and Procedural Modifications, 84 Fed. Reg. 33,829 (July 16, 2019); Matter of L-E-A-, 27 I&N Dec. 581 (A.G. 2019), vacated, 28 I&N Dec. 304 (A.G. 2021); Matter of A-B-, 27 I&N Dec. 316 (A.G. 2018), vacated, 28 I&N Dec. 307 (A.G. 2021). Additionally, the period of time being analyzed is both brief and recent. OIS analysis indicates that relief-granted rates tend to increase over the first three to four years after a case resulting from a credible or reasonable fear claim is initiated in immigration court. None of this, however, explains the substantial discrepancy in outcomes between MPP case and comparable non-MPP cases over the same time period. And none of this diminishes the statutory obligation to fai…"
asylum policy,2,0.754387,3,Directly changes asylum and withholding eligibility rules,EOIR and USCIS issue communicable-disease security bars to asylum and withholding eligibility,,"[""Customs and Border Protection"", ""U.S. Citizenship and Immigration Services"", ""Unspecified/Other"", ""Executive Office for Immigration Review""]","[""Asylum, Withholding and CAT""]","Except as provided in paragraph (b)(1)(iii) of this section, an asylum officer shall, in the exercise of his or her discretion, refer or deny, or an immigration judge, in the exercise of his or her discretion, shall deny the asylum application of an alien found to be a refugee on the basis of past persecution if any of the following is found by a preponderance of the evidence: (A) There has been a fundamental change in circumstances such that the applicant no longer has a well-founded fear of persecution in the applicant’s country of nationality or, if stateless, in the applicant’s country of last habitual residence, on account of race, religion, nationality, membership in a particular social group, or political opinion; or (B) The applicant could avoid future persecution by relocating to another part of the applicant’s country of nationality or, if stateless, another part of the applicant’s country of last habitual residence, and under all the circumstances, it would be reasonable to…"
asylum policy,3,0.75296,3,Directly concerns asylum screening procedure through credible fear preparation time,Asylum seekers given less time to prepare for credible fear interviews,,"[""U.S. Citizenship and Immigration Services""]","[""Asylum, Withholding and CAT""]","Reg. 41,832 (Dec. 3, 1974), the “functions” of adjudicating “asylum and refugee applications” and of “establish[ing] the policies for performing [that] function” were transferred to the Director of USCIS by the Homeland Security Act of 2002, Pub. L. No. 107-296, Subtitle E, 116 Stat. 2195 (codified at 6 U.S.C. § 271 et seq.), 6 U.S.C. § 271(a)(3)(A) and (b)(3). Consistent with those authorities, the USCIS Director establishes policies for processing aliens that have been referred to USCIS for a credible-fear determination. See, e.g., USCIS, Policy Memorandum, Guidance for Processing Reasonable Fear, Credible Fear, Asylum, and Refugee Claims in Accordance with Matter of AB- (July 11, 2018), available at https://tinyurl.com/y6xt6j8l (last accessed March 1, 2020). B. Cuccinelli’s Appointment On June 1, 2019, Lee Francis Cissna resigned as Director of USCIS, creating a vacancy in that PAS position. Dkt. 22-1 at 14 (Pls.’ SUMF ¶ 81); Dkt. 26 at 2 (Response to Pls.’ SUMF). Under USCIS’s ord…"
asylum policy,4,0.748771,3,Directly addresses asylum eligibility based on domestic violence claims,"AG Bondi issues Matter of S-S-F-M-, restricting asylum claims based on domestic violence",,"[""Immigration and Customs Enforcement"", ""U.S. Citizenship and Immigration Services"", ""Attorney General"", ""Executive Office for Immigration Review""]","[""Asylum, Withholding and CAT"", ""Unspecified/Other""]","906, 906 (BIA 1999, A.G. 2001).2 I have concluded that the same approach is warranted here, and I vacate A-B- I and A-B- II to leave open the questions that those opinions sought to resolve and to ensure that the Departments have appropriate flexibility in the forthcoming rulemaking. A-B- I attempted to set forth a comprehensive statement of the requirements that must be met to establish that an applicant has suffered persecution on account of membership in a particular social group—the very questions that the recent Executive Order directs the Department of Justice and the Department of Homeland Security to address in the rulemaking. Portions of the discussion in A-B- I were framed as a restatement and application of existing Board precedent. But the opinion begins with a broad statement that “victims of private criminal activity” will not qualify for asylum except perhaps in “exceptional circumstances.” 2 Of course, agencies also have discretion to “announc[e] new principles in an a…"
asylum policy,5,0.742962,1,Refugee resettlement is adjacent protection policy but not asylum policy,State Department orders resettlement agencies to stop funded work supporting refugees currently in the U.S.,,"[""Unspecified/Other""]","[""Refugees"", ""Unspecified/Other""]","law, and consistent with U.S. treaty obligations, a “refugee” is a person fleeing his or her country because of persecution or a well-founded fear of persecution on account of race, religion, nationality, membership in a particular social group, or political opinion. See 8 U.S.C. § 1101(a)(42). Case 2:25-cv-00255-JNW Document 56 Filed 03/05/25 Page 8 of 49 FIRST SUPPL. COMPL. FOR DECLARATORY & INJUNCTIVE RELIEF – 9 (No. 2:25-cv-255-JNW) Perkins Coie LLP 1201 Third Avenue, Suite 4900 Seattle, Washington 98101-3099 Phone: +1.206.359.8000 Fax: +1.206.359.9000 1 2 3 4 5 6 7 8 9 10 11 12 13 14 15 16 17 18 19 20 21 22 23 24 25 26 The U.S. Refugee Admissions Program 37. The USRAP embodies and effectuates the United States’ commitment to offering a safe haven for people around the world fleeing persecution. 38. Individuals outside of the United States seeking admission as refugees are processed through the USRAP, which is managed by the State Department in cooperation with the DHS and DHHS. 3…"
border wall funding,1,0.844263,3,Exact match on a major border wall funding proposal,White House FY2020 Budget Proposal includes $8.6 billion in border wall funding,,"[""Customs and Border Protection"", ""Immigration and Customs Enforcement"", ""U.S. Citizenship and Immigration Services"", ""Unspecified/Other""]","[""Border"", ""Interior""]","President Trump requests $8.6 billion in border wall funding as part of the fiscal year 2020 budget proposal. CBP's budget would increase by 22% and additional provisions of the budget proposal include creation of a new “Border Security and Immigration Enforcement Fund.” Trump's budget proposes increases in immigration filing fees and worksite enforcement penalties as well as financing from “mandatory receipts,” which could refer to visa application fees, customs fees and other sources of revenue, and tax dollars appropriated for other purposes. [ID #379]"
border wall funding,2,0.795547,2,Budget item includes sizable wall funding though the title centers E-Verify cuts,President Trump proposes cutting funding to E-Verify program,,"[""U.S. Citizenship and Immigration Services""]","[""Employment Verification""]","*********************************** Border Security and Immigration Enforcement Funding by Year: FYs 2014 - 2020 ($ billions) 2014 2015 2016 2017 2018 2019 2020 PB CBP $10.6 $10.9 $11.2 $12.1 $14.0 $15.0 $18.2 ICE $5.3 $6.0 $5.8 $6.4 $7.1 $7.6 $8.8 EOIR $0.3 $0.3 $0.4 $0.4 $0.5 $0.6 $0.7 UAC $0.9 $0.9 $0.9 $1.2 $1.3 $1.3 $1.3 DOD - - - - - - $3.6 Total $17.1 $18.1 $18.3 $20.1 $22.9 $24.5 $32.6 Department of Homeland Security. Overall 2020 funding for U.S. Customs and Border Protection (CBP) ($18.2 billion) and U.S. Immigration and Customs Enforcement (ICE) ($8.8 billion) is 19 percent higher than the FY 2019 level. The Budget proposes sizable investments in a border wall; border security technology and equipment; funding to hire additional CBP and ICE law enforcement officers; and increased capacity to detain and deport illegal aliens. • The Budget requests $5.4 billion in high priority investments in border security technology, infrastructure, and equipment to help CBP prevent, detec…"
border wall funding,3,0.713725,0,Refugee resettlement funding is unrelated to border wall funding,State Department orders resettlement agencies to stop funded work supporting refugees currently in the U.S.,,"[""Unspecified/Other""]","[""Refugees"", ""Unspecified/Other""]","24 69. The government has made no suggestion that the funds Congress appropriated to support this program have been exhausted. Last year alone, Congress appropriated $3.9 billion to the State Department for, among other things, “migration and refugee assistance.” Department of State, Foreign Operations, and Related Programs Appropriations Act, 2024, 138 Stat. at 744; see also Additional Afghanistan Supplemental Appropriations Act, 2022, 135 Stat. at 375 (appropriating an additional $976,100,000 for special immigrant visa holders from Afghanistan, among other things). Yet the government, through the Refugee Funding Suspension, is indefinitely refusing to spend that money, even though Congress has commanded that it do so for statutorily mandated purposes—including providing employment and English training to refugees already placed with USCCB. See 8 U.S.C. § 1522(a)(1)(A). The government instead has left USCCB and its assigned refugees to fend for themselves. The Refugee Act of 1980 sim…"
border wall funding,4,0.708917,1,Border policy related but not about wall funding specifically,"EO 14165 § 6 directs DHS, DOS, and DOJ to resume the Migrant Protection Protocols",,"[""Unspecified/Other"", ""Unspecified/Other"", ""Unspecified/Other""]","[""Border"", ""Asylum, Withholding and CAT""]","For instance, the 2019 directive establishing the one-hour limit before a court hearing is a component of Remain in Mexico that the government has confirmed is part of the “current operative guidance” for its reimplementation. Immigrant Defs. L. Ctr., 2025 WL 1172442, at *24. According to ImmDef, “[i]n practice, [they] were often given less than an hour for these meetings, during which an Immigration and Customs Enforcement (ICE) officer was always present—making it impossible for [them] to have private conversations with [their]clients.” Between January 2019 and November 2020, ImmDef also spent approximately $400,000 on costs associated with launching and sustaining its CBI to provide legal services for MPP clients. In 2021, ImmDef’s funding for the CBI was $210,000, a substantial portion of which was associated with representing MPP clients. Since MPP effectively ended in the summer of 2021, ImmDef explains that it “has reprioritized and expanded its legal representation programs fo…"
border wall funding,5,0.698681,0,OMB funding pause is unrelated to border wall funding,"OMB temporarily pauses agency grant, loan, and financial assistance programs",,"[""Unspecified/Other""]",[],"Despite CCFW’s repeated requests for an explanation why HHS has paused its funding—even though the subsequent OMB memorandum, M-25-14, facially purported to rescind the nationwide funding pause and at least two court orders required the Defendants to unfreeze obligated funding—HHS has not provided any response, much less a lawful rationale, why CCFW’s funding remains frozen. 7. As a direct result of this chaos, CCFW has accumulated $36 million in pending, unpaid reimbursements for services already rendered to eligible individuals across Texas and is accruing millions more each week—with no indication that any Defendants will honor either past or future Case 1:25-cv-00605 Document 1 Filed 03/03/25 Page 5 of 28 6 requests for release of funds. As discussed below, full funding is necessary to avoid significant and irreparable harms to CCFW as well as its partners and the eligible RRP beneficiaries. These harms include furloughing staff and shutting down refugee resettlement operations, t…"
refugee resettlement,1,0.797239,3,Directly about stopping funded work for refugee resettlement agencies,State Department orders resettlement agencies to stop funded work supporting refugees currently in the U.S.,,"[""Unspecified/Other""]","[""Refugees"", ""Unspecified/Other""]","66. After the refugees arrive, staff help them with transportation, socialization, and other steps necessary to transition to life in the United States, like taking an English placement test and getting social security cards. 67. Resettlement agencies and their affiliates have invested decades in building up this resettlement infrastructure, including staff with relevant language skills, and the private partnerships—such as relationships with local employers, service providers, and landlords— required to ensure that the refugees they help resettle are afforded the best possible chance at success in building their new lives in the United States. Case 2:25-cv-00255-JNW Document 56 Filed 03/05/25 Page 13 of 49 FIRST SUPPL. COMPL. FOR DECLARATORY & INJUNCTIVE RELIEF – 14 (No. 2:25-cv-255-JNW) Perkins Coie LLP 1201 Third Avenue, Suite 4900 Seattle, Washington 98101-3099 Phone: +1.206.359.8000 Fax: +1.206.359.9000 1 2 3 4 5 6 7 8 9 10 11 12 13 14 15 16 17 18 19 20 21 22 23 24 25 26 Federal …"
refugee resettlement,2,0.781207,2,Strongly related because ORR refugee resettlement funds are discussed,"OMB temporarily pauses agency grant, loan, and financial assistance programs",,"[""Unspecified/Other""]",[],"Eligible individuals have been specifically granted entry by Congress. They include victims of trafficking and those from countries such as Cuba, Afghanistan, and Ukraine. (ORR collectively uses the term “refugees” to describe these eligible individuals.) 4. Most recently, in 2022, Congress appropriated over $6.3 billion explicitly for ORR to administer refugee resettlement programs serving these eligible populations. 5. The County runs one such program. For over forty years, the County has assisted with Congress’s stated refugee resettlement objectives by providing essential health screenings, immunizations, and connections to primary care-services annually to 11,000 refugees and other admitted immigrants with documented legal status. 6. The County’s medical refugee resettlement programs are thus especially important for ensuring that vulnerable populations have the medical care necessary to successfully integrate in the community. With the appropriated funds from ORR, the County als…"
refugee resettlement,3,0.774098,3,Directly about administration of initial refugee resettlement grants,President Trump transfers grant-making authority for initial resettlement grants and contracts from DOS to ORR,,"[""Unspecified/Other"", ""Unspecified/Other""]","[""Refugees""]","Presidential Determination No. 2024-14 transfers the ""administration of the program of initial resettlement grants, which are awarded to public or private nonprofit agencies for initial resettlement services for refugees"" from the Department of State (DOS) to the Office of Refugee Resettlement (ORR) in the Department of Health and Human Services (HHS). The memorandum explains that this transfer ""ensures better alignment of resources, oversight, and accountability [for] resettlement activities that take place entirely within the United States."" Trump 2.0 [ID #2105]"
refugee resettlement,4,0.751507,1,Mentions firm resettlement in asylum law not refugee resettlement programs,EOIR and USCIS issue communicable-disease security bars to asylum and withholding eligibility,,"[""Customs and Border Protection"", ""U.S. Citizenship and Immigration Services"", ""Unspecified/Other"", ""Executive Office for Immigration Review""]","[""Asylum, Withholding and CAT""]","29, 2011] § 208.15 Definition of ‘‘firm resettlement.’’ An alien is considered to be firmly resettled if, prior to arrival in the United States, he or she entered into another country with, or while in that country received, an offer of permanent resident status, citizenship, or some other type of permanent resettlement unless he or she establishes: (a) That his or her entry into that country was a necessary consequence of his or her flight from persecution, that he or she remained in that country only as long as was necessary to arrange onward travel, and that he or she did not establish significant ties in that country; or (b) That the conditions of his or her residence in that country were so substantially and consciously restricted by the authority of the country of refuge that he or she was not in fact resettled. In making his or her determination, the asylum officer or immigration judge shall consider the conditions under which other residents of the country live; the type of ho…"
refugee resettlement,5,0.75027,2,Directly about refugee status referrals and the refugee admissions pipeline,Foreign Affairs Manual section on Referrals for Refugee Status updated to remove references to transgender and intersex individuals,,"[""Unspecified/Other""]",[],"The international community has given UNHCR the responsibility to protect refugees worldwide. d. NGO Referrals: Individuals may be referred for U.S. resettlement by nongovernmental organization (NGO) employees engaged in refugee assistance or protection activities. Certain NGOs trained by PRM and USCIS may submit cases to the regional refugee coordinator working in the area for consideration. If an NGO approaches a post, refer them to the nearest regional refugee coordinator. 9 FAM 203.4 REFERRALS FOR REFUGEE STATUS https://fam.state.gov/FAM/09FAM/09FAM020304.html 1 of 3 3/12/2025, 6:21 PM 9 FAM 203.4-2 U.S. EMBASSY REFERRALS TO THE U.S. REFUGEE PROGRAM (CT:VISA-2131; 02-26-2025) a. Embassy Referrals: This section explains how an embassy may identify and refer persons for consideration for refugee status under Priority 1. b. Who is Eligible for an Embassy Referral? (1) A U.S. embassy may refer any individual who appears to meet the definition of a refugee to USRAP for consideration un…"
public charge rule,1,0.807503,3,Exact match on the public charge inadmissibility rule,USCIS issues final rule on public charge inadmissibility grounds,,"[""U.S. Citizenship and Immigration Services""]","[""Unspecified/Other"", ""Unspecified/Other""]",USCIS issues final rule on public charge inadmissibility grounds
public charge rule,2,0.701285,0,NTA filing guidance is unrelated to the public charge rule,"EOIR issues guidance on Pereira v. Sessions, announcing changes in NTA filings and case scheduling",,"[""Customs and Border Protection"", ""Immigration and Customs Enforcement"", ""U.S. Citizenship and Immigration Services"", ""Executive Office for Immigration Review""]","[""Unspecified/Other""]","§ 1003.13 provides a definition of “charging document” that, in addition to an NTA, includes an Order to Show Cause, a Notice of Referral to Immigration Judge, and a Notice of Intention to Rescind and Request for Hearing by Alien—none of which is subject to section 239(a) of the Act, which governs only NTAs. See Niz-Chavez, 141 S. Ct. at 1484 (distinguishing Orders to Show Cause from NTAs and explaining that the Illegal Immigration Reform and Immigrant Responsibility Act of 1996, Pub. L. No. 104-208, Div. C., § 304, 110 Stat. 3009-546, 3009-587 to 3009-588 (“IIRIRA”), changed the name and required content of the charging document); Perez-Perez v. Wilkinson, 988 F.3d 371, 375 (7th Cir. 2021) (noting that Pereira does not apply to pre-IIRIRA Orders to Show Cause because they are “governed by different statutory requirements”). As Pereira does not apply to Orders to Show Cause, it cannot apply wholesale to the broader category of “charging Cite as 28 I&N Dec. 388 (BIA 2021) Interim Decis…"
public charge rule,3,0.698897,0,OMB funding pause is unrelated to the public charge rule,"OMB temporarily pauses agency grant, loan, and financial assistance programs",,"[""Unspecified/Other""]",[],"Balance of the Equities and Public Interest The Court need not say much more on the final two factors than it did when it granted the TRO as the more developed evidentiary record continues to overwhelmingly show that the balance of equities weighs heavily in favor of granting the States’ preliminary injunction motion and the public interest is supported by “preserv[ing] the status quo.” Francisco Sanchez v. Esso Standard Oil Co., 572 F.3d 1, 19 (1st Cir. 2009). The Defendants are not harmed where the order requires them to disburse funds that Congress has appropriated to the States and that they have obligated. The Court’s order does not prevent the Defendants from making funding decisions in Case 1:25-cv-00039-JJM-PAS Document 161 Filed 03/06/25 Page 42 of 45 PageID #: 8046 43 situations under the Executive’s “actual authority in the applicable statutory, regulatory, or grant terms,” ECF No. 111 at 7; rather it enjoins agency action that violates statutory appropriations and obligati…"
public charge rule,4,0.687781,0,Asylum interview preparation timing is unrelated to public charge,Asylum seekers given less time to prepare for credible fear interviews,,"[""U.S. Citizenship and Immigration Services""]","[""Asylum, Withholding and CAT""]","Cir. 2015) (holding that a bank had standing to challenge the recess appointment of the Director of the Consumer Financial Protection Bureau because the bank was regulated by that agency); Olympic Fed. Sav. & Loan Ass’n v. Director, Office of Thrift Supervision, 732 F. Supp. 1183, 1188–89 (D.D.C. 1990) (holding that the plaintiff’s challenge to the appointment of the agency director and acting director was redressable, even though the plaintiff faced a continuing “threat of government intervention” by other officials). Even setting this precedent aside, however, any redressability question raised by the individual Plaintiffs’ FVRA claim is put to rest by the principle that courts must assume, for purposes of assessing standing, that the Plaintiffs will prevail on the merits. See Cutler v. U.S. Dep't of Health & Human Servs., 797 F.3d 1173, 1179–80 (D.C. Cir. 2015) (observing that a court “must assume that the party asserting federal jurisdiction is correct on the legal merits of his c…"
public charge rule,5,0.685184,0,Refugee resettlement funding dispute is unrelated to public charge,State Department orders resettlement agencies to stop funded work supporting refugees currently in the U.S.,,"[""Unspecified/Other""]","[""Refugees"", ""Unspecified/Other""]","61 at 4. But these cases only reiterate the wellestablished principle that claims seeking contractual remedies against the federal government do not belong in district court. See Ingersoll-Rand, 780 F.2d at 80; Coggeshall Dev. Corp. v. Diamond, 884 F.2d 1, 3 (1st Cir. 1989); B.K. Instrument, Inc. v. United States, 715 F.2d 713, 727-28 (2d Cir. 1983). As discussed above, Plaintiffs seek statutory, not contractual, remedies. See infra § 3.2. Case 2:25-cv-00255-JNW Document 79 Filed 03/24/25 Page 30 of 37 FINDINGS OF FACT, CONCLUSIONS OF LAW, AND ORDER ISSUING SECOND PRELIMINARY INJUNCTION - 31 1 2 3 4 5 6 7 8 9 10 11 12 13 14 15 16 17 18 19 20 21 22 23 To be clear, the mere fact that the government’s statutory obligations sometimes overlap with its contractual obligations does not prevent district courts from compelling statutory compliance. As the D.C. Circuit reasoned in Megapulse: It is one thing to rely on the generally recognized rule that a plaintiff cannot maintain a contract act…"
migrant protection protocols,1,0.802949,3,Exact match on resuming MPP and directly focused on the program,"EO 14165 § 6 directs DHS, DOS, and DOJ to resume the Migrant Protection Protocols",,"[""Unspecified/Other"", ""Unspecified/Other"", ""Unspecified/Other""]","[""Border"", ""Asylum, Withholding and CAT""]","1 OOD PM 21-26 Effective: June 24, 2021 To: All Immigration Court and Board of Immigration Appeals Personnel From: Jean King, Acting Director Date: June 24, 2021 MIGRANT PROTECTION PROTOCOLS AND MOTIONS TO REOPEN PURPOSE: Provides information regarding the adjudication of motions to reopen in Migrant Protection Protocols cases OWNER: Office of the Director AUTHORITY: 8 C.F.R. § 1003.0(b) CANCELLATION: None. I. Former Migrant Protection Protocols In January 2019, the Department of Homeland Security (DHS) implemented the Migrant Protection Protocols (MPP), which required certain individuals to wait in Mexico while awaiting adjudication by the Executive Office for Immigration Review (EOIR). See INA § 235(b)(2)(C) (authorizing the return of certain noncitizens to a contiguous territory pending removal proceedings under INA § 240); U.S. Dep’t of Homeland Security, Migrant Protection Protocols (Jan. 24, 2019), https://www.dhs.gov/news/2019/01/24/migrant-protection-protocols; see also Matter…"
migrant protection protocols,2,0.732355,1,Parole programs are border policy adjacent but not MPP,"EO 14165 § 7(b) directs termination of ""categorical parole programs"" including CHNV Parole Processes",,"[""Customs and Border Protection"", ""U.S. Citizenship and Immigration Services"", ""Unspecified/Other""]","[""Unspecified/Other""]","The CHNV Processes On October 19, 2022, the Department of Homeland Security (“DHS”) announced an effort to address the increasing number of Venezuelan nationals arriving at the southern border of the United States by “coupl[ing] a meaningful incentive to seek a lawful, safe and orderly means of traveling to the United States with the imposition of consequences for those who seek to enter irregularly.” Implementation of a Parole Process for Venezuelans, 87 Fed. Reg. 63507 (Oct. 19, 2022). Under the program, individuals who passed a national security and public safety vetting and who had a supporter in the United States who agreed to provide housing and other support could receive an advanced authorization to travel to the United States for the purposes of seeking, on a case-by-case basis, a discretionary grant of parole at an internal port of entry. See 1 An “alien” is “any person not a citizen or national of the United States.” Id. § 1101(a)(3). Case 1:25-cv-10495-IT Document 97 Filed…"
migrant protection protocols,3,0.727705,0,EOIR BIA expansion is unrelated to MPP,EOIR expands BIA to 21 judges,,"[""Executive Office for Immigration Review""]","[""Unspecified/Other""]","These processes do not create or confer any legal right, privilege, or benefit on the applicant or participant, and are wholly discretionary on the part of CBP. The methods of redress are: (1) DHS Traveler Redress Inquiry Program (DHS TRIP). The applicant/ participant may choose to initiate the redress process through DHS TRIP. An applicant/participant seeking redress may obtain the necessary forms and information to initiate the process on the DHS TRIP website, or by contacting DHS TRIP by mail at the address on this website. (2) Ombudsman. Applicants and participants may contest a denial or removal from the program by submitting a reconsideration request to the CBP Trusted Traveler Ombudsman through the TTP System or other CBP-approved process. Alejandro N. Mayorkas, Secretary of Homeland Security. [FR Doc. 2024–06851 Filed 4–1–24; 8:45 am] BILLING CODE 9111–14–P DEPARTMENT OF JUSTICE Executive Office for Immigration Review 8 CFR Part 1003 [EOIR Docket No. EOIR 20–0010; A.G. Order N…"
migrant protection protocols,4,0.724132,1,TPS document references refugee obligations but is not about MPP,DHS terminates Temporary Protected Status for Honduras,,"[""U.S. Citizenship and Immigration Services""]","[""TPS""]","9 1 2 3 4 5 6 7 8 9 10 11 12 13 14 15 16 17 18 19 20 21 22 23 24 25 26 27 28 United States District Court Northern District of California 1254a(c)(2)(B). Those who qualify for TPS are protected from removal and are granted work authorization. Id. at § 1254a(a). TPS applicants must also pay all fees associated with applying for TPS. Id. at § 1254a(c)(1)(B). B. Congressional Intent of TPS The Immigration Act created TPS in the context of Congress’ concern for the United States’ obligations under the United Nations Protocol Relating to the Status of Refugees. H.R. Rep. No. 101-244, at 7 (1989). Under the protocol, the United States committed itself to not return individuals to countries where they face threats to life or freedom because of persecution on the basis of race, religion, nationality, or other factors. Id. This principle of “nonrefoulment” is now recognized as binding as a rule of customary international law. See JILL H. WILSON, supra at 1–2. Another key factor motivating Cong…"
migrant protection protocols,5,0.723061,1,Asylum eligibility bars are related context but not MPP itself,EOIR and USCIS issue communicable-disease security bars to asylum and withholding eligibility,,"[""Customs and Border Protection"", ""U.S. Citizenship and Immigration Services"", ""Unspecified/Other"", ""Executive Office for Immigration Review""]","[""Asylum, Withholding and CAT""]",EOIR and USCIS issue communicable-disease security bars to asylum and withholding eligibility
expedited removal procedures,1,0.748502,3,Directly about a procedural rule affecting expedited removal and credible fear review,Asylum seekers given less time to prepare for credible fear interviews,,"[""U.S. Citizenship and Immigration Services""]","[""Asylum, Withholding and CAT""]","is implemented. 8 U.S.C. § 1252(e)(3).4 Under § 1252(e)(3), a court has jurisdiction to review “determinations” made in the expedited removal context if three conditions are satisfied: First, the plaintiff must challenge the constitutionality or lawfulness of § 1225(b)—IIRIRA’s expedited removal provision—or the constitutionality or lawfulness of “a regulation, written policy directive, written policy guidance, or written procedure” adopted to implement that provision. 8 U.S.C. § 1252(e)(3)(A). Second, the challenge must be “instituted in the United States District Court for the District of Columbia.” Id. Third, the action “must be filed no later than 60 days after the date the challenged section, regulation, directive, guidance, or procedure . . . is first implemented.” Id. § 1252(e)(3)(B). 4 Although IIRIRA refers to actions taken “by or under the authority of the Attorney General,” 8 U.S.C. § 1252(e)(3), those authorities were transferred to the Department of Homeland Security and …"
expedited removal procedures,2,0.747454,2,Directly discusses when advance parole returnees should not be placed in expedited removal,DHS deports DACA recipient returning with advance parole,,"[""Customs and Border Protection"", ""Unspecified/Other""]","[""Border"", ""DACA""]","§1001.1(q) (an alien granted advance parole which the alien applied for and obtained in the United States prior to the alien's departure from and return to the United States, shall not be considered an arriving alien for purposes of section 235(b)(1)(A)(i) of the Act [the provision allowing for expedited removal without recourse to a hearing]). 22. Thus, a returning non-citizen previously granted Advance Parole may not placed into Expedited Removal proceedings; rather, they must be placed into regular Removal Proceedings under §1229a (INA §240), unless that individual is an aggravated felon, in which case the provisions of §1228(b) (INA §238(b)) are applicable. The regulations do not create any exception to issuance where there is a removal order in place. 23. The Fifth Circuit and the Board of Immigration Appeals have recognized that an individual with a removal order may still utilize an advance parole document to travel out of the US and return without consequence. See Duarte v. Ma…"
expedited removal procedures,3,0.739184,2,Directly discusses statutory boundaries of expedited removal within a parole case,"EO 14165 § 7(b) directs termination of ""categorical parole programs"" including CHNV Parole Processes",,"[""Customs and Border Protection"", ""U.S. Citizenship and Immigration Services"", ""Unspecified/Other""]","[""Unspecified/Other""]",". that the alien has been physically present in the United States continuously for the 2-year period immediately prior to the date of the determination of inadmissibility under this subparagraph.” 8 U.S.C. §§ 1225(b)(1)(A)(i), 1225(b)(1)(A)(iii)(II). The statute thus allows for expedited removal for a non-citizen “arriving in the United States” (i.e., arriving at the border or a port of entry) and for a non-citizen who entered the United States without authorization, except that a non-citizen who entered the United States without authorization, that is an individual who “has not been paroled or admitted into the United States,” may not be subject to the expedited removal period if that individual has been present in the United States for two years. The statute does not subject persons who were authorized to enter the United States to expedited removal, regardless of how long they have been in the United States. Citing a case from the 11th Circuit, Defendants respond that the use of th…"
expedited removal procedures,4,0.736883,2,Directly references use of the ACA rule in expedited removal proceedings,DHS Secretary ratifies interim final rule on Asylum Cooperative Agreements,,"[""U.S. Citizenship and Immigration Services"", ""Unspecified/Other"", ""Executive Office for Immigration Review"", ""Unspecified/Other""]","[""Unspecified/Other"", ""Asylum, Withholding and CAT"", ""Unspecified/Other""]","§ 1158(a)(2)(A). See Implementing Bilateral and Multilateral Asylum Cooperative Agreements Under the Immigration and Nationality Act, 84 Fed. Reg. 63994 (Nov. 19, 2019). The Rule provides mechanisms for Defendants to bar asylum to noncitizens in both expedited removal proceedings and regular Section 240 removal proceedings in immigration court and instead remove the noncitizens, pursuant to international agreements, to countries other than the noncitizens’ countries of origin. The government issued the Rule on November 19, 2019. 84 Fed. Reg. 63994. Plaintiffs filed their initial complaint on January 15, 2020. That filing meant that this suit is timely as to the Rule and the original expedited removal Guidance under the 60-day filing deadline set forth in 8 U.S.C. § 1252(e)(3) for actions challenging new expedited removal regulations and policies. The parties filed cross-motions for summary judgment, and briefing was completed on those motions on April 29, 2020. However, implementation…"
expedited removal procedures,5,0.733716,2,Discusses expedited removal adjudication reforms within broader MPP material,"EO 14165 § 6 directs DHS, DOS, and DOJ to resume the Migrant Protection Protocols",,"[""Unspecified/Other"", ""Unspecified/Other"", ""Unspecified/Other""]","[""Border"", ""Asylum, Withholding and CAT""]","25, 2021. 139 Data from ICE ERO Custody Management Division FY14, 15, 16, 17, 18, 19, 20, and 21 through Aug. 31, 2021 FAMU BP Apprehensions-Subsequently Enrolled into ATD, ISAP IV EOIR Court Appearance Rates FY14 & FY15 & FY16 & FY17 & FY18 & FY19 & FY20 & FY21 through Aug. 31, 2021. 140 Procedures for Credible Fear Screening and Consideration of Asylum, Withholding of Removal, and CAT Protection Claims by Asylum Officers, 86 Fed. Reg. 46,906 (Aug. 20, 2021). 141 Id. at 46,907. 142 Id. 35 it adopted MPP—and to a number of the concerns relied upon by the Texas court—but tackles them in a transformative and systemic way, while holding true to our laws and values. To support the more expeditious and fair adjudication of claims, the proposed rule would transfer from immigration judges to USCIS asylum officers the initial responsibility for adjudicating asylum and related protection claims made by noncitizens who are encountered at or near the border and who are placed into expedited remo…"
ICE detention standards,1,0.760605,1,Discusses detention use and parole policy but not detention standards specifically,"EO 14165 § 6 directs DHS, DOS, and DOJ to resume the Migrant Protection Protocols",,"[""Unspecified/Other"", ""Unspecified/Other"", ""Unspecified/Other""]","[""Border"", ""Asylum, Withholding and CAT""]","§ 212.5(b)(5). 120 See, e.g., Interim Guidance for Implementation of Matter of M-S, 27 I&N Dec. 509 (A.G. 2019): Parole of Aliens Who Entered Without Inspection, Were Subject to Expedited Removal, and Were Found to Have a Credible Fear of Persecution or Torture; ICE Policy No. 11002.1, Parole of Arriving Aliens Found to Have a Credible Fear of Persecution or Torture (Dec. 8, 2009); see also Jeanty v. Bulger, 204 F. Supp. 2d 1366, 1377-78 (S.D. Fla. 2002) (referring to INS detention use policies, including parole policies, based on having to establish “priorities for the use of limited detention space”), aff’d, 321 F.3d 1336 (11th Cir. 2003). 121 Southwest Land Border Encounters, supra note 95. 122 FY 2020 Enforcement Lifecycle Report, supra, note 75. 28 duration of their proceedings; a full 42 percent (more than 415,000 individuals) were never booked into ICE detention at all.123 By interpreting Section 1225 to mandate either detention or return to Mexico, the court essentially conclu…"
ICE detention standards,2,0.744427,1,References ICE detention responsibilities but focuses on ACA/asylum issues,DHS Secretary ratifies interim final rule on Asylum Cooperative Agreements,,"[""U.S. Citizenship and Immigration Services"", ""Unspecified/Other"", ""Executive Office for Immigration Review"", ""Unspecified/Other""]","[""Unspecified/Other"", ""Asylum, Withholding and CAT"", ""Unspecified/Other""]","border or who present themselves at ports of entry. CBP makes the initial determination whether an individual in expedited removal is “amenable” to removal pursuant to an ACA and, if so, refers the individual to USCIS for a “threshold screening interview.” 36. Defendant Todd Lyons is the Acting Director of ICE. He is sued in his official capacity. 37. Defendant ICE is the sub-agency of DHS that is responsible for carrying out removal orders and overseeing immigration detention. Case 1:20-cv-00116-EGS Document 157-1 Filed 09/08/25 Page 15 of 52 13 FACTS Protections for People Fleeing Persecution and Torture 38. Federal law provides three primary forms of protection for individuals fleeing persecution and torture: asylum under 8 U.S.C. § 1158; withholding of removal under 8 U.S.C. § 1231(b)(3); and protection under the Convention Against Torture (“CAT”), see 8 C.F.R. § 1208.16-18. 39. Asylum affords protection to individuals who have a “well-founded fear of persecution” on account of ra…"
ICE detention standards,3,0.737557,0,Asylum evidentiary provisions are not ICE detention standards,EOIR and USCIS issue communicable-disease security bars to asylum and withholding eligibility,,"[""Customs and Border Protection"", ""U.S. Citizenship and Immigration Services"", ""Unspecified/Other"", ""Executive Office for Immigration Review""]","[""Asylum, Withholding and CAT""]","939 Executive Office for Immigration Review, Justice § 1208.13 (1) Detailed country conditions information relevant to eligibility for asylum, withholding of removal under section 241(b)(3) of the Act, and withholding of removal under the Convention Against Torture; (2) An assessment of the accuracy of the applicant’s assertions about conditions in the applicant’s country of nationality or habitual residence and the applicant’s particular situation; (3) Information about whether persons who are similarly situated to the applicant are persecuted or tortured in the applicant’s country of nationality or habitual residence and the frequency of such persecution or torture; or (4) Such other information as it deems relevant. (c) Any comments received pursuant to paragraph (b) of this section shall be made part of the record. Unless the comments are classified under an applicable Executive Order, the applicant shall be provided an opportunity to review and respond to such comments prior to t…"
ICE detention standards,4,0.732525,0,Domestic violence asylum precedent is unrelated to detention standards,"AG Bondi issues Matter of S-S-F-M-, restricting asylum claims based on domestic violence",,"[""Immigration and Customs Enforcement"", ""U.S. Citizenship and Immigration Services"", ""Attorney General"", ""Executive Office for Immigration Review""]","[""Asylum, Withholding and CAT"", ""Unspecified/Other""]","316 (A.G. 2018) (“A-B- I”), Attorney General Sessions clarified the standards that an asylum applicant must meet to establish persecution on account of membership in a “particular social group.” Id. at 317. If the alleged persecutor is unaffiliated with the government of the applicant’s home country, Attorney General Sessions further ruled, then “the applicant must show that flight from her country is necessary because her home government is unwilling or unable to protect her.” Id. In Matter of A-B-, 28 I&N Dec. 199 (A.G. 2021) (“A-B- II”), Acting Attorney General Rosen further clarified that standard. In Matter of A-B-, 28 I&N Dec. 307 (A.G. 2021) (“A-B- III”), however, Attorney General Garland vacated both A-B- I and A-B- II in anticipation of a rulemaking directed by President Biden. See Exec. Order No. 14010, § 4(c)(ii), 86 Fed. Reg. 8267, 8271 (Feb. 2, 2021). Attorney General Garland instructed “immigration judges and the Board [to] follow pre-A-B-I precedent” until the completio…"
ICE detention standards,5,0.731865,2,About alleged unlawful detention and treatment by ICE though not formal standards,US citizen seek millions in damages after violent ICE arrests (RFC),,"[""Immigration and Customs Enforcement"", ""Unspecified/Other""]","[""Unspecified/Other""]","Several U.S. citizens are suing ICE and DHS for millions in damages, alleging they were violently arrested, unlawfully detained, and subjected to assault, battery, false imprisonment, and emotional distress despite being American citizens. The lawsuits includes cases such as a man arrested twice while at work and others caught in raids where ICE agents allegedly used excessive force."
asylum cooperative agreements interim final rule,1,0.896517,3,Exact match on the ACA interim final rule,DHS Secretary ratifies interim final rule on Asylum Cooperative Agreements,,"[""U.S. Citizenship and Immigration Services"", ""Unspecified/Other"", ""Executive Office for Immigration Review"", ""Unspecified/Other""]","[""Unspecified/Other"", ""Asylum, Withholding and CAT"", ""Unspecified/Other""]",DHS Secretary ratifies interim final rule on Asylum Cooperative Agreements
asylum cooperative agreements interim final rule,2,0.769824,1,MPP is related asylum-border policy but not the ACA rule,"EO 14165 § 6 directs DHS, DOS, and DOJ to resume the Migrant Protection Protocols",,"[""Unspecified/Other"", ""Unspecified/Other"", ""Unspecified/Other""]","[""Border"", ""Asylum, Withholding and CAT""]","34 2. Asylum Officer Rule .................................................................................................. 35 V. Consideration of Alternatives to Terminating MPP........................................................... 36 VI. Conclusion.......................................................................................................................... 38 I. Executive Summary On February 2, 2021, President Biden issued an Executive Order directing the Secretary of Homeland Security to “promptly review and determine whether to terminate or modify the program known as the Migrant Protection Protocols.”1 After extensive review, the Secretary of Homeland Security concluded that the Migrant Protection Protocols (MPP) should be terminated, and on June 1, 2021, issued a memorandum to that effect.2 On August 13, 2021, however, the U.S. District Court for the Northern District of Texas determined that the June 1, 2021, memorandum was not issued in compliance with the Ad…"
asylum cooperative agreements interim final rule,3,0.768141,1,Uses the phrase cooperative agreement but concerns refugee resettlement contracts not ACA,State Department orders resettlement agencies to stop funded work supporting refugees currently in the U.S.,,"[""Unspecified/Other""]","[""Refugees"", ""Unspecified/Other""]","4 25-1313 cooperative agreement to provide reception and placement services for refugees in the United States and all but one of the cooperative agreements to provide USRAP processing support abroad. On February 28, the district court issued a written order to define the scope of the February 25 preliminary injunction, specifying that it also prohibits the suspension of USRAP funding. On March 24, the district court issued a second preliminary injunction ordering the State Department to reinstate all cooperative agreements terminated after the February 25 ruling. The government filed notices of appeal on February 28 and March 25, 2025. The government sought a stay pending appeal of the February 28 district court order, which a motions panel of this court granted in part on March 25. Quoting Trump v. Hawaii, we observed that the authority under which the President issued Executive Order No. 14163, 8 U.S.C. § 1182(f), “‘exudes deference’ to the President and ‘vests [him] with ample powe…"
asylum cooperative agreements interim final rule,4,0.765558,1,Asylum doctrine related but not the ACA interim final rule,"AG Bondi issues Matter of S-S-F-M-, restricting asylum claims based on domestic violence",,"[""Immigration and Customs Enforcement"", ""U.S. Citizenship and Immigration Services"", ""Attorney General"", ""Executive Office for Immigration Review""]","[""Asylum, Withholding and CAT"", ""Unspecified/Other""]","307 (A.G. 2021) Interim Decision #4019 309 27 I&N Dec. at 317; see also, e.g., id. at 320 (“Generally, claims by aliens pertaining to domestic violence or gang violence perpetrated by non-governmental actors will not qualify for asylum.”). That broad language could be read to create a strong presumption against asylum claims based on private conduct. As a result, A-B- I threatens to create confusion and discourage careful case-by-case adjudication of asylum claims. See, e.g., Orellana v. Att’y Gen., 806 F. App’x 119, 126 (3d Cir. 2020) (noting that “the BIA seemed to lump [the asylum seeker]—almost automatically—into a generic group of ‘victims of gang violence’ under the Attorney General’s recent guidance in Matter of A‑B‑ [I]”); Matter of M-G-M-, slip op. at *2 (BIA Feb. 13, 2019) (“In Matter of A-B-, the Attorney General held that in general a claim by an alien pertaining to domestic violence perpetrated by a non-governmental actor will not qualify for asylum.”); Matter of O-E-R-C-…"
asylum cooperative agreements interim final rule,5,0.761308,0,Criminal conviction modification rule is unrelated,"AG Barr issues Matter of Thomas and Thompson, ruling on the immigration effect of modified criminal convictions",,"[""Attorney General"", ""Executive Office for Immigration Review""]","[""Unspecified/Other""]","Please note: This is the text of the Efficient Case and Docket Management in Immigration Proceedings Final rule as signed by the Attorney General, but the official version of the Final rule will be as it is published in the Federal Register. BILLING CODE: 4410-30 DEPARTMENT OF JUSTICE Executive Office for Immigration Review 8 CFR Parts 1001, 1003, 1239, and 1240 Docket No. EOIR 021–0410 AG Order No. RIN 1125-AB18 Efficient Case and Docket Management in Immigration Proceedings AGENCY: Executive Office for Immigration Review, Department of Justice. ACTION: Final rule. SUMMARY: On September 8, 2023, the Department of Justice (“Department”) published a Notice of Proposed Rulemaking (“NPRM”) proposing to rescind an enjoined December 2020 rule (the “AA96 Final Rule”) that imposed novel limits on the authority of immigration judges and the Board of Immigration Appeals (“BIA” or “Board”) to efficiently dispose of cases. Because the AA96 Final Rule has been enjoined since shortly after its iss…"
unaccompanied children ORR release policies,1,0.886033,3,Exact match on ORR release policy for certain unaccompanied children,ORR requires Director-level authorization of custodial releases of certain unaccompanied children,,"[""Office of Refugee Resettlement""]","[""Detention"", ""Interior"", ""Minors""]",ORR requires Director-level authorization of custodial releases of certain unaccompanied children
unaccompanied children ORR release policies,2,0.831178,2,Strongly relevant because it governs ORR services and release process for unaccompanied children,ORR proposes revisions to forms for services provided to unaccompanied children,,"[""Office of Refugee Resettlement""]","[""Minors""]","Additionally, on October 24, 2024, ORR submitted a request for revisions to forms approved under the Legal and Advocacy Services for Unaccompanied Alien Children collection (OMB 0970-0565) in which ORR also proposed transferring the Child Advocate Recommendation and Appointment (Form S-15) previously approved under this collection; the request is currently pending a decision before OMB. 1. Circumstances Making the Collection of Information Necessary The Office of Refugee Resettlement (ORR) Unaccompanied Alien Children (UAC) Bureau provides care and custody for unaccompanied alien children until they can be safely released to a vetted sponsor, repatriated to their home country, or obtain lawful immigration status. ORR funds residential care provider facilities that provide temporary housing and other services to children in ORR custody. Generally, care provider facilities are State- licensed, except those located in states unwilling to consider them for licensure and temporary Emergenc…"
unaccompanied children ORR release policies,3,0.828618,2,Directly about policy treatment of unaccompanied children though in the MPP context,"EO 14165 § 6 directs DHS, DOS, and DOJ to resume the Migrant Protection Protocols",,"[""Unspecified/Other"", ""Unspecified/Other"", ""Unspecified/Other""]","[""Border"", ""Asylum, Withholding and CAT""]","1 2 3 4 5 6 7 8 9 10 11 12 13 14 15 16 17 18 19 20 21 22 23 24 25 26 27 28 (“ERO”), and the Acting Executive Associate Director of ERO (collectively, “defendants” or “the government”). Defendants have, since at least 2019, had a policy governing administrative actions concerning unaccompanied children who were processed as part of the Migrant Protection Protocols (“MPP”) policy (“Policy”) – that is, unaccompanied noncitizen children who previously entered the United States with their families, were placed in removal proceedings with their families, were sent to Mexico to await their proceedings pursuant to MPP, and later returned to the United States without a parent or guardian, as unaccompanied children (hereinafter, “MPPunaccompanied children”). (See Dkt. 304, Findings of Fact and Conclusions of Law (“Liability Order”) at ¶¶ 12-14, 25-37). The Policy at issue is defined as: “Children who re-enter the United States after previously being processed into MPP with a parent or legal gua…"
unaccompanied children ORR release policies,4,0.741887,1,Mentions resettlement assistance and parole for some populations but not ORR release policy,"EO 14165 § 7(b) directs termination of ""categorical parole programs"" including CHNV Parole Processes",,"[""Customs and Border Protection"", ""U.S. Citizenship and Immigration Services"", ""Unspecified/Other""]","[""Unspecified/Other""]","In contrast, “[a]n alien present in the United States without being admitted or paroled, or who arrives in the United States at any time or place other than as designated by the Attorney General, is inadmissible.” 8 U.S.C. § 1182(a)(6)(A)(i) (emphasis added). Case 1:25-cv-10495-IT Document 107 Filed 05/28/25 Page 3 of 49 4 facilitate their resettlement into the United States. Following screening and vetting, Afghan nationals arriving as part of the evacuation effort could receive parole on a case-by-case basis, for a period of two years.4 Aliens whose parole applications were granted were eligible for resettlement assistance. The United States had paroled approximately 76,000 Afghan evacuees as of September 30, 2022.5 3. Uniting for Ukraine On February 24, 2022, Russia invaded Ukraine. See Second Am. Compl. ¶ 68 [Doc. No. 68]. In the weeks following, thousands of Ukrainians presented themselves at U.S. ports of entry at the Southern Border with Mexico. See id. ¶ 64. On April 27, 2022,…"
unaccompanied children ORR release policies,5,0.729289,1,Discusses unaccompanied minor refugees but not ORR release policies for UACs generally,State Department orders resettlement agencies to stop funded work supporting refugees currently in the U.S.,,"[""Unspecified/Other""]","[""Refugees"", ""Unspecified/Other""]","§§ 400.200 et seq. (describing the federal funding available for refugee services). Similarly, with respect to unaccompanied minor refugees, § 1522(d)(2)(B) provides: “During any interim period while such a child is in the United States or in transit to the United States but before the child is so placed, the Director shall assume legal responsibility (including financial responsibility) for the child, if necessary, and is authorized to make necessary decisions to provide for the child’s immediate care” (emphasis added). With respect to cash and medical assistance for recently resettled refugees, § 1522(e)(7)(A) provides that the Secretary of Health and Human Services “shall develop and implement alternative projects for refugees who have been in the United States less than thirty-six months, under which refugees are provided interim support, medical services, support services, and case management, as needed.” We note that for FY 2025, Congress has appropriated $3.178 billion for migr…"
ICE raids Los Angeles,1,0.778533,3,Directly reports ICE arrests in Los Angeles,COVID-19: ICE reportedly resumes arrests after pausing due to pandemic,,[],[],"The New York Times reports that ICE agents made 300 arrests in Los Angeles. More than a thousand others were arrested in New York, Atlanta and Phoenix, as well as in cities in Colorado, Idaho, Montana, Nevada, New Jersey, Utah, and Wyoming. [ID #1055]"
ICE raids Los Angeles,2,0.705454,2,Directly about violent ICE arrests though Los Angeles is not clear from the title,US citizen seek millions in damages after violent ICE arrests (RFC),,"[""Immigration and Customs Enforcement"", ""Unspecified/Other""]","[""Unspecified/Other""]",US citizen seek millions in damages after violent ICE arrests (RFC)
ICE raids Los Angeles,3,0.701275,0,General ICE enforcement statistics are not LA raids,"EO 14165 § 6 directs DHS, DOS, and DOJ to resume the Migrant Protection Protocols",,"[""Unspecified/Other"", ""Unspecified/Other"", ""Unspecified/Other""]","[""Border"", ""Asylum, Withholding and CAT""]","ICE’s Homeland Security Investigations, for example, operates 79 Border Enforcement Security Task Forces nationwide, staffed by more than 700 State and Local law enforcement officers, that work cooperatively to combat emerging and existing transnational criminal organizations. Operational successes resulted in the seizure of 2,503 weapons, 215,301 pounds of narcotics, and $104,742,957 in FY20.105 The ICE Criminal Apprehension Program also helps SLTT law enforcement partners better identify, arrest, and remove priority noncitizens who have been convicted of crimes in the United States and are incarcerated within federal, state, and local prisons and jails. In FY21, ICE issued 65,940 immigration detainers to noncitizens booked in jails or prisons.106 All such activities are ongoing. The Department also has carefully reviewed the available information and has not seen any evidence that MPP had any effect on human trafficking and crime, including drug trafficking. Seizures of narcotics, w…"
ICE raids Los Angeles,4,0.680053,0,Denaturalization cases are unrelated to ICE raids in Los Angeles,DOJ files denaturalization complaints against 3 U.S. citizens,,"[""U.S. Citizenship and Immigration Services"", ""Unspecified/Other""]","[""Unspecified/Other""]","“We’ve been lax about this for a long time, and this unit that’s been developed is really just a question of taking the law seriously.” SAVE NOW TRIAL OFFER SUPPORT QUALITY NEWS 4 weeks for 99¢ SAVE NOW From 2009 to 2016, an average of 16 civil denaturalization cases were filed each year, Department of Justice data show. Last year, more than 25 cases were filed. Through mid-July of this year, the Justice Department has filed 20 more. Separately, ICE has a pending budget request for $207.6 million to hire 300 agents to help root out citizenship fraud, as well as to “complement work site enforcement, visa overstay investigations, forensic document examination, outreach programs and other activities,” according to the agency. The stage for increasing cases of denaturalization was set during the waning days of the Obama administration. In September 2016, a report released by the inspector general for the Department of Homeland Security showed that 315,000 old fingerprint records for immig…"
ICE raids Los Angeles,5,0.676211,1,Mentions New York immigration raids but not Los Angeles and not focused on the queried event,DHS terminates Temporary Protected Status for Honduras,,"[""U.S. Citizenship and Immigration Services""]","[""TPS""]","37 @Sec_Noem, X (Jan. 28, 2025, 7:35 AM), available at https://x.com/Sec_Noem/status/1884264039158800547 (“Getting the dirt bags off the streets.”); DHS Secretary Kristi Noem Joins Federal Agents on Immigration Raids in New York, CBS MORNINGS (Jan. 29, 2025) at approx. 1:10, available at https://www.youtube.com/watch?v=tODarHnNiNs (“These guys are dirtbags. They have come in and perpetuated violence in this country.”). The CBS reporter who accompanied Secretary Noem on New York City raids she references reported that nearly half of those arrested had no criminal history. 38 @DHSgov (May 19, 2025), https://x.com/DHSgov/status/1924575437344186612. Case 3:25-cv-05687 Document 1 Filed 07/07/25 Page 31 of 57 30 COMPLAINT 1 2 3 4 5 6 7 8 9 10 11 12 13 14 15 16 17 18 19 20 21 22 23 24 25 26 27 28 individual convicted of numerous violent crimes as “underscor[ing] the broader risk posed by rising Haitian migration.”39 94. Similary, Secretary Noem has described Honduran “migration management” a…"
OMB pauses agency grant loan financial assistance programs,1,0.965075,3,Exact match on the OMB pause,"OMB temporarily pauses agency grant, loan, and financial assistance programs",,"[""Unspecified/Other""]",[],"OMB temporarily pauses agency grant, loan, and financial assistance programs"
OMB pauses agency grant loan financial assistance programs,2,0.745564,2,Directly discusses the OMB freeze and rescission in a related funding-access context,HHS issues notice excluding undocumented immigrants from additional federal benefits,,"[""Unspecified/Other""]","[""Unspecified/Other""]","On January 29, 2025, OMB rescinded the funding freeze memorandum after the freeze was enjoined by multiple federal courts. Off. Of Mgmt. & Budget, Exec. Off. Of the President, OMB Memo. No. 25-14, Recession of M-25-13 (2025). Despite the rescission, Head Start agencies struggled to get access to frozen funds. A week later, at least 45 agencies serving nearly 20,000 children in 23 states, Washington D.C., and Puerto Rico were still locked out of their funding.57 ii. The March 14 DEI Letter and the April 16 DEIA Certification. 249. On March 14, 2025, Acting Assistant Secretary Gradison issued guidance (the “March 14 DEI Letter”) informing all Head Start agencies that the Office for Head Start “will not approve the use of federal funding for any training and technical assistance (TTA) or other 54 See e.g., Moraiah Balingit, Head Start And Medicaid Providers Hit Glitches as Trump Freezes Federal Money, ASSOCIATED PRESS (Jan. 28, 2025 8:10 PM), https://apnews.com/article/head-start-medicai…"
OMB pauses agency grant loan financial assistance programs,3,0.729977,2,Discusses suspension of federal funds in a program affected by the broader pause,State Department orders resettlement agencies to stop funded work supporting refugees currently in the U.S.,,"[""Unspecified/Other""]","[""Refugees"", ""Unspecified/Other""]","Id. Second, the letter stated that the award to USCCB “may no longer effectuate agency priorities,” without addressing what the agency’s priorities are or why the awards may no longer effectuate those priorities. Id. The letter did not explain why the government had elected to suspend funding pending its reevaluation of priorities rather than conduct that review before cutting off funding midstream. 49. The suspension letter also stated that USCCB could “submit payment requests for legitimate expenses incurred prior to the date of” the letter “or legitimate expenses associated with the” funding suspension. Id. But the government has thus far refused to reimburse USCCB for more than $13 million in reimbursement funds for initial-resettlement services rendered before January 24. Case 1:25-cv-00465 Document 1 Filed 02/18/25 Page 17 of 35 18 50. On January 28, USCCB responded to PRM. USCCB explained that its resettlement program services “includ[e] the provision of housing support, emerge…"
OMB pauses agency grant loan financial assistance programs,4,0.718007,0,Budget proposal material is unrelated to the OMB-wide pause,White House FY2020 Budget Proposal includes $8.6 billion in border wall funding,,"[""Customs and Border Protection"", ""Immigration and Customs Enforcement"", ""U.S. Citizenship and Immigration Services"", ""Unspecified/Other""]","[""Border"", ""Interior""]","In addition to expanding the Housing Choice Voucher program to serve 200,000 more families, the discretionary request for the program includes funding for mobility-related supportive services to provide low-income families who live in racially and ethnically concentrated areas of poverty with greater options to move to higher-opportunity neighborhoods. Increases the Supply of Affordable Housing. To address the critical shortage of affordable housing in communities throughout the Nation, the discretionary request provides a $500 million increase to the HOME Investment Partnerships Program, for a total of $1.9 billion, to construct and rehabilitate affordable rental housing and to support other housing-related needs. This is the highest funding level for HOME since 2009. In addition, the discretionary request provides $180 million to support 2,000 units of new permanently affordable housing for the elderly and persons with disabilities, supporting the Administration’s priority to maximi…"
OMB pauses agency grant loan financial assistance programs,5,0.705423,0,J-1 form revisions are unrelated,"DOS proposes revisions to Form DS-2019, Certificate of Eligibility for J-1 Status",,"[""Bureau of Consular Affairs""]","[""Visitor""]","67810 Federal Register / Vol. 85, No. 207 / Monday, October 26, 2020 / Notices collection beyond the emergency expiration date, October 31, 2020. Solicitation of Public Comments Comments on this information collection may be submitted to the addresses listed above on (a) whether the collection of information is necessary for the agency to properly perform its functions; (b) whether the burden estimates are accurate; (c) whether there are ways to minimize the burden, including through the use of automated techniques or other forms of information technology; and (d) whether there are ways to enhance the quality, utility, and clarity of the information. Title: Paycheck Protection Program. OMB Control Number: 3245–0407. (i) SBA Form 2483, Paycheck Protection Program Borrower Application Form. Estimated Number of Respondents: 6,500,000. Estimated Annual Responses: 6,500,000. Estimated Annual Hour Burden: 866,667. (ii) SBA Form 2484, Paycheck Protection Program Lender’s Application for 7(a)…"
categorical parole programs CHNV,1,0.834932,3,Exact match on terminating categorical parole programs including CHNV,"EO 14165 § 7(b) directs termination of ""categorical parole programs"" including CHNV Parole Processes",,"[""Customs and Border Protection"", ""U.S. Citizenship and Immigration Services"", ""Unspecified/Other""]","[""Unspecified/Other""]","EO 14165 § 7(b) directs termination of ""categorical parole programs"" including CHNV Parole Processes"
categorical parole programs CHNV,2,0.694466,0,ORR sponsor background checks are unrelated to CHNV parole,ORR requires Director-level authorization of custodial releases of certain unaccompanied children,,"[""Office of Refugee Resettlement""]","[""Detention"", ""Interior"", ""Minors""]","Revised CA/N check criteria for category 3 sponsors. 2.5.2 Results of Background Checks on Release Decisions 1/27/15 6/7/18 - Added information sharing policy to results of background checks 6/18/19 - Revised information sharing policy for results of background checks. Made policy on criminal history also applicable to adverse child welfare findings. Moved language on sponsor immigration status to Section 2.6. Added policy concerning derogatory information obtained after the child is released. Updated table on next steps to remove language on immigration status, add language on criminal history pending results, and revise language on CA/N checks pending results. 2.5.3 Commonly Asked Questions on the ORR Background Check Process 1/27/15 6/7/18 - Clarified that adult household members must agree to a background check. 6/18/19 - Renamed section (previously Additional Questions and Answers on this Topic). Removed question on deadline for providing fingerprints. Revised answers to Q1, Q4, …"
categorical parole programs CHNV,3,0.685782,0,H-2A wage rule is unrelated,DOL issues interim final rule on Adverse Effect Wage Rate for H-2A agricultural laborers,,"[""Unspecified/Other""]","[""Unspecified/Other""]","Box 1998 Bakersfield, CA 93303 (661) 859-1174 mmartinez@farmworkerlaw.com eaguilasocho@farmworkerlaw.com info@farmworkerlaw.com /s/ Kuntal Cholera Kuntal Cholera* Tom Plotkin* Mark Andrews-Lee* Christina Coleburn* Lindsay Williams* Covington & Burling LLP 850 Tenth Street, NW Washington, DC 20001 (202) 662-6000 kcholera@cov.com tplotkin@cov.com mandrewslee@cov.com ccoleburn@cov.com liwilliams@cov.com *pro hac vice applications forthcoming Lori Johnson* Rebecca Rosefelt* Farmworker Justice 1126 16th St. NW, Suite 507 Washington, DC 20036 (202) 800-6000 ljohnson@farmworkerjustice.org *pro hac vice applications forthcoming Verónica Meléndez (SBN 294106) Cecilia Guevara Langberg (SBN 307159) California Rural Legal Assistance Foundation 2210 K Street, Suite 201 Sacramento, CA 95816 (916) 446-7905 vmelendez@crlaf.org Case 1:25-cv-01614-KES-CDB Document 1 Filed 11/21/25 Page 45 of 46 46 COMPLAINT 1 2 3 4 5 6 7 8 9 10 11 12 13 14 15 16 17 18 19 20 21 22 23 24 25 26 27 28 cguevarazamora@crlaf.…"
categorical parole programs CHNV,4,0.684109,1,Border processing context but not CHNV or categorical parole programs,"EO 14165 § 6 directs DHS, DOS, and DOJ to resume the Migrant Protection Protocols",,"[""Unspecified/Other"", ""Unspecified/Other"", ""Unspecified/Other""]","[""Border"", ""Asylum, Withholding and CAT""]","76 For the purposes of this memorandum, comparable noncitizens or comparable non-MPP cases are defined as nonMexican single adults and family units who were apprehended along the SWB between January 25, 2019, and January 20, 2021, were not enrolled in MPP and were not detained throughout the pendency of their proceedings. Data derived from DHS Office of Immigration Statistics Enforcement Lifecycle, which is based on a comprehensive person-level analysis of DHS and EOIR enforcement and adjudication records. See Marc Rosenblum and Hongwei Zhang, Fiscal Year 2020 Enforcement Lifecycle Report (Dec. 2020) [hereinafter FY 2020 Enforcement Lifecycle Report]. 77 Id. This is based on DHS’s Office of Immigration Statistics (OIS) analysis of MPP cases; this analysis excludes 345 cases originally identified as MPP enrollees in CBP data because the records are for unaccompanied children, accompanied minors, or Mexican nationals, all of whom are ineligible for the program, or because the records co…"
categorical parole programs CHNV,5,0.676115,1,Asylum rule affects some noncitizens but is not about CHNV parole programs,DHS Secretary ratifies interim final rule on Asylum Cooperative Agreements,,"[""U.S. Citizenship and Immigration Services"", ""Unspecified/Other"", ""Executive Office for Immigration Review"", ""Unspecified/Other""]","[""Unspecified/Other"", ""Asylum, Withholding and CAT"", ""Unspecified/Other""]","Defendants have already invoked the challenged policies to bar or seek to bar at least hundreds of noncitizens from seeking or being granted asylum or other protection in Section 240 proceedings just in the past few months. See Decl. of Keren Zwick ¶ 13; Decl. of Melissa Crow ¶ 14; Decl. of Anwen Hughes ¶ 7. That is sufficient to satisfy Rule 23(a)(1)’s numerosity requirement. See, e.g., O.A., 404 F. Supp. 3d at 155 (classes of at least 40 members are sufficient); R.I.L-R, 80 F. Supp. 3d at 181 (same). Moreover, the proposed class will continue to grow over time. See J.D., 925 F.3d at 1322. Joinder is also impracticable because class members are dispersed geographically across the country. See J.D., 925 F.3d at 1323 (joinder may be impracticable in light of “fluidity” of custody and “the dispersion of class members across the country); Ramirez, 338 F. Supp. 3d at 45 (similar). Indeed, the Section 240 Individual Plaintiffs are themselves located in at least 8 different states, includin…"
EOIR classified information guidance,1,0.839527,3,Exact match on EOIR classified information handling guidance,EOIR Acting Deputy Director issues guidance on the handling of classified information in EOIR proceedings,,"[""Executive Office for Immigration Review""]","[""Unspecified/Other""]",EOIR Acting Deputy Director issues guidance on the handling of classified information in EOIR proceedings
EOIR classified information guidance,2,0.78762,1,EOIR confidentiality and records handling are related but not classified information guidance,"DOJ requests comments on Form EOIR-27, Notice of Entry of Appearance before BIA",,"[""Executive Office for Immigration Review""]","[""Unspecified/Other"", ""Unspecified/Other""]","Federal Register Publication and Consultation – A 60-day notice covering this collection will be published in the Federal Register. A 30-day notice covering this collection will be published in the Federal Register. Copies of these notices are attached. If comments are received, they will be considered and incorporated where appropriate. 9. Payment or Gift to Claimants - EOIR does not provide any payment or gifts to parties in immigration proceedings or their attorneys or representatives. 10. Assurance of Confidentiality - The Board retains the original form and places it in the record of proceedings, along with all other documents filed in the alien’s proceeding. EOIR staff members, attorneys, and Board Members who process, review, and adjudicate the case may access the Form EOIR 27. To the extent law permits, EOIR protects the confidentiality of the contents of the Form EOIR-27. EOIR would release information in 7 accordance with the Privacy Act and the Freedom of Information Act. 1…"
EOIR classified information guidance,3,0.78099,1,EOIR procedural guidance but on NTAs rather than classified information,"EOIR issues guidance on Pereira v. Sessions, announcing changes in NTA filings and case scheduling",,"[""Customs and Border Protection"", ""Immigration and Customs Enforcement"", ""U.S. Citizenship and Immigration Services"", ""Executive Office for Immigration Review""]","[""Unspecified/Other""]","OOD PM 24-01 To: All of EOIR From: Mary Cheng, Acting Director Date: August 22, 2024 Digitally signed by MARY MARY CHENG Date: 2024.08.22 CHENG 08:33:32 -04'00' UPDATED GUIDANCE FOR RECEIPT OF NOTICES TO APPEAR FILED BY THE DEPARTMENT OF HOMELAND SECURITY PURPOSE: Provide updated standards regarding receipt of Notices to Appear filed by the Department of Homeland Security. OWNER: Office of the Director. AUTHORITY: 8 C.F.R. § 1003.0(b)(1); 8 C.F.R. § 1003.14(a). CANCELLATION: Policy Memorandum 19-08, Acceptance of Notices to Appear and Use of the Interactive Scheduling System. This Policy Memorandum provides updated standards to Executive Office for Immigration Review (EOIR) adjudicators and personnel regarding the receipt of Notices to Appear (NTAs) filed by the Department of Homeland Security (DHS). This Policy Memorandum supersedes and rescinds Policy Memorandum 19-08, Acceptance of Notices to Appear and Use of the Interactive Scheduling System. I. Failure to Prosecute and Filing of…"
EOIR classified information guidance,4,0.754144,1,EOIR form privacy notice is only loosely related to sensitive information handling,"EOIR proposes revisions to Form EOIR-31A, Request for Accreditation of Non-Attorney Representative",,"[""Executive Office for Immigration Review""]","[""Unspecified/Other""]","If you have comments regarding the accuracy of this estimate, or suggestions for making this form simpler, you can write to the Executive Office for Immigration Review, Office of the General Counsel, 5107 Leesburg Pike, Suite 2600, Falls Church, Virginia 22041. Privacy Act Notice The collection of this information is authorized by 8 U.S.C. §§ 1103, 1229a, 1362 and 8 C.F.R. §§ 1292.11-19 in order to request recognition of a non-profit religious, charitable, social service or similar organization. The information you provide is voluntary and will be used by EOIR employees to assess your organization’s eligibility for recognition; however, failure to provide the requested information may preclude consideration of your request. Pursuant to the Privacy Act, EOIR may share the information provided with this form with others in accordance with approved routine uses. Furthermore, the submission of this form acknowledges that an approved applicant will be subject to the disciplinary rules and …"
EOIR classified information guidance,5,0.749497,1,EOIR guidance document but about continuances not classified information,EOIR Director issues guidance to restrict continuances,,"[""Executive Office for Immigration Review""]","[""Unspecified/Other""]",EOIR Director issues guidance to restrict continuances
director-level authorization custodial releases unaccompanied minors,1,0.892163,3,Exact match on director-level authorization for release of certain unaccompanied children,ORR requires Director-level authorization of custodial releases of certain unaccompanied children,,"[""Office of Refugee Resettlement""]","[""Detention"", ""Interior"", ""Minors""]",ORR requires Director-level authorization of custodial releases of certain unaccompanied children
director-level authorization custodial releases unaccompanied minors,2,0.779458,2,Directly about policy treatment of unaccompanied children though not the same ORR release rule,"EO 14165 § 6 directs DHS, DOS, and DOJ to resume the Migrant Protection Protocols",,"[""Unspecified/Other"", ""Unspecified/Other"", ""Unspecified/Other""]","[""Border"", ""Asylum, Withholding and CAT""]","1 2 3 4 5 6 7 8 9 10 11 12 13 14 15 16 17 18 19 20 21 22 23 24 25 26 27 28 (“ERO”), and the Acting Executive Associate Director of ERO (collectively, “defendants” or “the government”). Defendants have, since at least 2019, had a policy governing administrative actions concerning unaccompanied children who were processed as part of the Migrant Protection Protocols (“MPP”) policy (“Policy”) – that is, unaccompanied noncitizen children who previously entered the United States with their families, were placed in removal proceedings with their families, were sent to Mexico to await their proceedings pursuant to MPP, and later returned to the United States without a parent or guardian, as unaccompanied children (hereinafter, “MPPunaccompanied children”). (See Dkt. 304, Findings of Fact and Conclusions of Law (“Liability Order”) at ¶¶ 12-14, 25-37). The Policy at issue is defined as: “Children who re-enter the United States after previously being processed into MPP with a parent or legal gua…"
director-level authorization custodial releases unaccompanied minors,3,0.756371,1,Mentions minors and parole pathways but not the queried release authorization policy,"EO 14165 § 7(b) directs termination of ""categorical parole programs"" including CHNV Parole Processes",,"[""Customs and Border Protection"", ""U.S. Citizenship and Immigration Services"", ""Unspecified/Other""]","[""Unspecified/Other""]","54635, 54637 (Aug. 11, 2023) (CBP “will determine, on a case-by-case basis, whether to exercise discretion to grant parole to the beneficiary at an interior [port of entry] upon their arrival.”). 6. Central American Minors Program The Central American Minors Program (“CAM”) permits individuals from El Salvador, Honduras, and Guatemala who are lawfully present in the United States to request that their qualifying children and relatives not present in the United States be granted access to the U.S. Refugee Admissions Program (“USRAP”).8 See Central American Minors Program, 88 Fed. Reg. 21694 (Apr. 11, 2023). Qualifying children and eligible family members granted access to the USRAP via the CAM program are interviewed by USCIS Refugee Officers and are either granted refugee status or, upon a failure to establish refugee status, considered on a case-by-case basis for parole. See id. at 21696;9 cf. 8 U.S.C. § 1182(d)(5)(B) (“The [Secretary] . . . may not parole into the United States an a…"
director-level authorization custodial releases unaccompanied minors,4,0.749749,2,Strongly relevant because it concerns ORR care custody and release-related forms for unaccompanied children,ORR proposes revisions to forms for services provided to unaccompanied children,,"[""Office of Refugee Resettlement""]","[""Minors""]","Additionally, on October 24, 2024, ORR submitted a request for revisions to forms approved under the Legal and Advocacy Services for Unaccompanied Alien Children collection (OMB 0970-0565) in which ORR also proposed transferring the Child Advocate Recommendation and Appointment (Form S-15) previously approved under this collection; the request is currently pending a decision before OMB. 1. Circumstances Making the Collection of Information Necessary The Office of Refugee Resettlement (ORR) Unaccompanied Alien Children (UAC) Bureau provides care and custody for unaccompanied alien children until they can be safely released to a vetted sponsor, repatriated to their home country, or obtain lawful immigration status. ORR funds residential care provider facilities that provide temporary housing and other services to children in ORR custody. Generally, care provider facilities are State- licensed, except those located in states unwilling to consider them for licensure and temporary Emergenc…"
director-level authorization custodial releases unaccompanied minors,5,0.717245,1,Involves a detained mother and child but not the ORR director-level release policy,Asylum seekers given less time to prepare for credible fear interviews,,"[""U.S. Citizenship and Immigration Services""]","[""Asylum, Withholding and CAT""]","L.M.-M. and her children are currently subject to orders of expedited removal. See id. Like L.M.-M., Plaintiff M.A.-H. is a Honduran national who, along with her minor daughter, Plaintiff I.M.-A., is seeking asylum in the United States. Dkt. 12-4 at 1 (M.A.-H. Decl. ¶ 1). Plaintiff M.A.-H. attests that she “suffered persecution in Honduras” because she supports Case 1:19-cv-02676-RDM Document 34 Filed 03/01/20 Page 12 of 55 13 the “National Party in Honduras;” that she endured “sexual abuse, rape, and physical abuse” while in Honduras; and that she feared that her daughter, who “ha[d] been stalked by . . . MS-13 [gang] members,”1 “would soon be kidnapped, drugged, and raped” in Honduras. Id. at 1–3 (M.A.-H. Decl. ¶¶ 3–9). Upon entering the United States, she and her daughter were detained by immigration officials, placed in expedited removal proceedings, and then transferred to the Dilley Detention Center. Id. at 5–6 (M.A.-H. Decl. ¶¶ 16, 22). M.A.-H. and her daughter “arrived at Dill…"